
    -- workspace mep capability init --
        INSERT INTO tbl_uploaded_file (file_id, file_name, is_temp, user_id, upload_date, file_path) VALUES
        ('540e0817-f6ea-42e5-8c5b-cb2daf9925a3', 'Service Discovery.json', false, 'admin', '2020-01-01 00:00:00.000000', '/mep_capability/540e0817-f6ea-42e5-8c5b-cb2daf9925a3')
        ON CONFLICT(file_id) do nothing;
        INSERT INTO tbl_uploaded_file (file_id, file_name, is_temp, user_id, upload_date, file_path) VALUES
        ('9bb4a85f-e985-47e1-99a4-20c03a486864', 'Service Discovery.md', false, 'admin', '2020-01-01 00:00:00.000000', '/mep_capability/9bb4a85f-e985-47e1-99a4-20c03a486864')
        ON CONFLICT(file_id) do nothing;
        INSERT INTO tbl_uploaded_file (file_id, file_name, is_temp, user_id, upload_date, file_path) VALUES
        ('9ace2dfc-6548-4511-96f3-2f622736e18a', 'Service Discovery_en.md', false, 'admin', '2020-01-01 00:00:00.000000', '/mep_capability/9ace2dfc-6548-4511-96f3-2f622736e18a')
        ON CONFLICT(file_id) do nothing;
        INSERT INTO tbl_uploaded_file (file_id, file_name, is_temp, user_id, upload_date, file_path) VALUES('35a52055-42b5-4b5f-bc2b-8a02259f2572', 'service governance.jpg', false, 'admin', '2020-01-01 00:00:00.000000', '/mep_capability/images/service governance.jpg')
        ON CONFLICT(file_id) do nothing;

        -- telecom network capability init

        INSERT INTO tbl_uploaded_file (file_id, file_name, is_temp, user_id, upload_date, file_path) VALUES
        ('7c544903-aa4f-40e0-bd8c-cf6e17c37c12', 'Bandwidth service.json', false, 'admin', '2020-01-01 00:00:00.000000', '/mep_capability/7c544903-aa4f-40e0-bd8c-cf6e17c37c12')
        ON CONFLICT(file_id) do nothing;
        INSERT INTO tbl_uploaded_file (file_id, file_name, is_temp, user_id, upload_date, file_path) VALUES
        ('6736ec41-eb7e-4dca-bda2-3b4e10d0a294', 'Bandwidth service.md', false, 'admin', '2020-01-01 00:00:00.000000', '/mep_capability/6736ec41-eb7e-4dca-bda2-3b4e10d0a294')
        ON CONFLICT(file_id) do nothing;
        INSERT INTO tbl_uploaded_file (file_id, file_name, is_temp, user_id, upload_date, file_path) VALUES
        ('16dd231c-70dd-4187-a89b-2eb4db79264f', 'Bandwidth service_en.md', false, 'admin', '2020-01-01 00:00:00.000000', '/mep_capability/16dd231c-70dd-4187-a89b-2eb4db79264f')
        ON CONFLICT(file_id) do nothing;
        INSERT INTO tbl_uploaded_file (file_id, file_name, is_temp, user_id, upload_date, file_path) VALUES
        ('28780aed-e1b5-46f1-ac02-4d14a5f0dd1e', 'bandwidth management.jpg', false, 'admin', '2020-01-01 00:00:00.000000', '/mep_capability/images/bandwidth management.jpg')
        ON CONFLICT(file_id) do nothing;
        INSERT INTO tbl_uploaded_file (file_id, file_name, is_temp, user_id, upload_date, file_path) VALUES
        ('682e2ab3-90c6-44e8-86b9-fcf98007b906', 'location services.jpg', false, 'admin', '2020-01-01 00:00:00.000000', '/mep_capability/images/location services.jpg')
        ON CONFLICT(file_id) do nothing;
        INSERT INTO tbl_uploaded_file (file_id, file_name, is_temp, user_id, upload_date, file_path) VALUES
        ('9eb3e151-f447-47f1-aa54-003e2c1e7c45', 'traffic rules.jpg', false, 'admin', '2020-01-01 00:00:00.000000', '/mep_capability/images/traffic rules.jpg')
        ON CONFLICT(file_id) do nothing;
        INSERT INTO tbl_uploaded_file (file_id, file_name, is_temp, user_id, upload_date, file_path) VALUES
        ('688f259e-48eb-407d-8604-7feb19cf1f44', 'Location service.json', false, 'admin', '2020-01-01 00:00:00.000000', '/mep_capability/688f259e-48eb-407d-8604-7feb19cf1f44')
        ON CONFLICT(file_id) do nothing;
        INSERT INTO tbl_uploaded_file (file_id, file_name, is_temp, user_id, upload_date, file_path) VALUES
        ('b0819798-e932-415c-95f5-dead04ef2fba', 'Location service.md', false, 'admin', '2020-01-01 00:00:00.000000', '/mep_capability/b0819798-e932-415c-95f5-dead04ef2fba')
        ON CONFLICT(file_id) do nothing;
        INSERT INTO tbl_uploaded_file (file_id, file_name, is_temp, user_id, upload_date, file_path) VALUES
        ('3fe31309-9e28-40f7-a593-a87e9a73ba5e', 'Location service_en.md', false, 'admin', '2020-01-01 00:00:00.000000', '/mep_capability/3fe31309-9e28-40f7-a593-a87e9a73ba5e')
        ON CONFLICT(file_id) do nothing;

        INSERT INTO tbl_uploaded_file (file_id, file_name, is_temp, user_id, upload_date, file_path) VALUES
        ('9f1f13a0-8554-4dfa-90a7-d2765238fca7', 'Traffic service.json', false, 'admin', '2020-01-01 00:00:00.000000', '/mep_capability/9f1f13a0-8554-4dfa-90a7-d2765238fca7')
        ON CONFLICT(file_id) do nothing;
        INSERT INTO tbl_uploaded_file (file_id, file_name, is_temp, user_id, upload_date, file_path) VALUES
        ('5110740f-305c-4553-920e-2b11cd9f64c1', 'Traffic service.md', false, 'admin', '2020-01-01 00:00:00.000000', '/mep_capability/5110740f-305c-4553-920e-2b11cd9f64c1')
        ON CONFLICT(file_id) do nothing;
        INSERT INTO tbl_uploaded_file (file_id, file_name, is_temp, user_id, upload_date, file_path) VALUES
        ('25689270-5d31-4f5f-9edd-f81a83cb4844', 'Traffic service_en.md', false, 'admin', '2020-01-01 00:00:00.000000', '/mep_capability/25689270-5d31-4f5f-9edd-f81a83cb4844')
        ON CONFLICT(file_id) do nothing;

        INSERT INTO tbl_uploaded_file (file_id, file_name, is_temp, user_id, upload_date, file_path) VALUES
        ('71f887cf-b316-4ffe-800f-b680b4006107', 'UpstreamCompressionDoc.yaml', false, 'admin', '2020-01-01 00:00:00.000000', '/mep_capability/UpstreamCompressionDoc.yaml')
        ON CONFLICT(file_id) do nothing;
        INSERT INTO tbl_uploaded_file (file_id, file_name, is_temp, user_id, upload_date, file_path) VALUES
        ('ffb4c1dd-cb29-4bc7-aed1-b3cff8aa7891', 'UpstreamCompressionDoc.md', false, 'admin', '2020-01-01 00:00:00.000000', '/mep_capability/UpstreamCompressionDoc.md')
        ON CONFLICT(file_id) do nothing;
        INSERT INTO tbl_uploaded_file (file_id, file_name, is_temp, user_id, upload_date, file_path) VALUES
        ('fd0b4541-422d-4ece-b4e9-5c71da6a4363', 'UpstreamCompressionDoc.json', false, 'admin', '2020-01-01 00:00:00.000000', '/mep_capability/UpstreamCompressionDoc.json')
        ON CONFLICT(file_id) do nothing;
        INSERT INTO tbl_uploaded_file (file_id, file_name, is_temp, user_id, upload_date, file_path) VALUES
        ('7bc4061f-6e8d-4805-a7bb-88a5b32d332e', 'upstream compression.jpg', false, 'admin', '2020-01-01 00:00:00.000000', '/mep_capability/images/upstream compression.jpg')
        ON CONFLICT(file_id) do nothing;

        INSERT INTO tbl_uploaded_file (file_id, file_name, is_temp, user_id, upload_date, file_path) VALUES
        ('67f709a0-e269-465a-a540-c7a8f4c685d8', 'CongestionDetectionDoc.yaml', false, 'admin', '2020-01-01 00:00:00.000000', '/mep_capability/CongestionDetectionDoc.yaml')
        ON CONFLICT(file_id) do nothing;
        INSERT INTO tbl_uploaded_file (file_id, file_name, is_temp, user_id, upload_date, file_path) VALUES
        ('e2d758e5-4454-4645-ba3a-7aeecfe3f827', 'CongestionDetectionDoc.md', false, 'admin', '2020-01-01 00:00:00.000000', '/mep_capability/CongestionDetectionDoc.md')
        ON CONFLICT(file_id) do nothing;
        INSERT INTO tbl_uploaded_file (file_id, file_name, is_temp, user_id, upload_date, file_path) VALUES
        ('335c21ce-7768-44ee-8627-bf0af40e1a25', 'CongestionDetectionDoc.json', false, 'admin', '2020-01-01 00:00:00.000000', '/mep_capability/CongestionDetectionDoc.json')
        ON CONFLICT(file_id) do nothing;
        INSERT INTO tbl_uploaded_file (file_id, file_name, is_temp, user_id, upload_date, file_path) VALUES
        ('64fede38-3b05-4eda-9109-f472d0bedf80','congestion detection.jpg', false, 'admin', '2020-01-01 00:00:00.000000', '/mep_capability/images/congestion detection.jpg')
        ON CONFLICT(file_id) do nothing;
        -- workspace shengteng capability init --

        INSERT INTO tbl_uploaded_file (file_id, file_name, is_temp, user_id, upload_date, file_path) VALUES
        ('9ace2dfc-6548-4511-96f3-2f622736e181', 'AIImageRepair.md', false, 'admin', '2020-01-01 00:00:00.000000', '/mep_capability/AIImageRepair.md')
        ON CONFLICT(file_id) do nothing;
        INSERT INTO tbl_uploaded_file (file_id, file_name, is_temp, user_id, upload_date, file_path) VALUES
        ('9ace2dfc-6548-4511-96f3-1f622736e182', 'AIImage Repair.yaml', false, 'admin', '2020-01-01 00:00:00.000000', '/mep_capability/AIImage Repair.yaml')
        ON CONFLICT(file_id) do nothing;
        INSERT INTO tbl_uploaded_file (file_id, file_name, is_temp, user_id, upload_date, file_path) VALUES
        ('56302719-8c85-4226-b01e-93535cdb2e42', 'AI image restoration.jpg', false, 'admin', '2020-01-01 00:00:00.000000', '/mep_capability/images/AI image restoration.jpg')
        ON CONFLICT(file_id) do nothing;

        INSERT INTO tbl_uploaded_file (file_id, file_name, is_temp, user_id, upload_date, file_path) VALUES
        ('9ace2dfc-6548-4511-96f3-2f622736e182', 'EdgeDetection.md', false, 'admin', '2020-01-01 00:00:00.000000', '/mep_capability/EdgeDetection.md')
        ON CONFLICT(file_id) do nothing;
        INSERT INTO tbl_uploaded_file (file_id, file_name, is_temp, user_id, upload_date, file_path) VALUES
        ('9ace2dfc-6548-4511-96f3-3f622736e182', 'EdgeDetection.yaml', false, 'admin', '2020-01-01 00:00:00.000000', '/mep_capability/EdgeDetection.yaml')
        ON CONFLICT(file_id) do nothing;
        INSERT INTO tbl_uploaded_file (file_id, file_name, is_temp, user_id, upload_date, file_path) VALUES
        ('4141a0a8-ecd4-47a0-9399-a5612d5c8c50', 'edge detection.jpg', false, 'admin', '2020-01-01 00:00:00.000000', '/mep_capability/images/edge detection.jpg')
        ON CONFLICT(file_id) do nothing;

        INSERT INTO tbl_uploaded_file (file_id, file_name, is_temp, user_id, upload_date, file_path) VALUES
        ('9ace2dfc-6548-4511-96f3-2f622736e183', 'ImageCartoonization.md', false, 'admin', '2020-01-01 00:00:00.000000', '/mep_capability/ImageCartoonization.md')
        ON CONFLICT(file_id) do nothing;
        INSERT INTO tbl_uploaded_file (file_id, file_name, is_temp, user_id, upload_date, file_path) VALUES
        ('9ace2dfc-6548-4511-96f3-4f622736e183', 'ImageCartoonization.yaml', false, 'admin', '2020-01-01 00:00:00.000000', '/mep_capability/ImageCartoonization.yaml')
        ON CONFLICT(file_id) do nothing;
        INSERT INTO tbl_uploaded_file (file_id, file_name, is_temp, user_id, upload_date, file_path) VALUES
        ('0deaf874-f243-4b49-ab5e-6c34299dac79', 'cartoon image generation.jpg', false, 'admin', '2020-01-01 00:00:00.000000', '/mep_capability/images/cartoon image generation.jpg')
        ON CONFLICT(file_id) do nothing;

        INSERT INTO tbl_uploaded_file (file_id, file_name, is_temp, user_id, upload_date, file_path) VALUES
        ('9ace2dfc-6548-4511-96f3-2f622736e184', 'ImageColoring.md', false, 'admin', '2020-01-01 00:00:00.000000', '/mep_capability/ImageColoring.md')
        ON CONFLICT(file_id) do nothing;
        INSERT INTO tbl_uploaded_file (file_id, file_name, is_temp, user_id, upload_date, file_path) VALUES
        ('9ace2dfc-6548-4511-96f3-5f622736e184', 'ImageColoring.yaml', false, 'admin', '2020-01-01 00:00:00.000000', '/mep_capability/ImageColoring.yaml')
        ON CONFLICT(file_id) do nothing;
        INSERT INTO tbl_uploaded_file (file_id, file_name, is_temp, user_id, upload_date, file_path) VALUES
        ('dbe904ea-63cc-4bae-9d62-e2c65d71fdbf', 'image coloring.jpg', false, 'admin', '2020-01-01 00:00:00.000000', '/mep_capability/images/image coloring.jpg')
        ON CONFLICT(file_id) do nothing;

        INSERT INTO tbl_uploaded_file (file_id, file_name, is_temp, user_id, upload_date, file_path) VALUES
        ('9ace2dfc-6548-4511-96f3-2f622736e185', 'ObjectClassification.md', false, 'admin', '2020-01-01 00:00:00.000000', '/mep_capability/ObjectClassification.md')
        ON CONFLICT(file_id) do nothing;
        INSERT INTO tbl_uploaded_file (file_id, file_name, is_temp, user_id, upload_date, file_path) VALUES
        ('9ace2dfc-6548-4511-96f3-6f622736e185', 'ObjectClassification.yaml', false, 'admin', '2020-01-01 00:00:00.000000', '/mep_capability/ObjectClassification.yaml')
        ON CONFLICT(file_id) do nothing;
        INSERT INTO tbl_uploaded_file (file_id, file_name, is_temp, user_id, upload_date, file_path) VALUES
        ('bf384358-cf86-4046-bffd-264a556b1b4f', 'object classification.jpg', false, 'admin', '2020-01-01 00:00:00.000000', '/mep_capability/images/object classification.jpg')
        ON CONFLICT(file_id) do nothing;

        INSERT INTO tbl_uploaded_file (file_id, file_name, is_temp, user_id, upload_date, file_path) VALUES
        ('9ace2dfc-6548-4511-96f3-2f622736e186', 'ObjectDetection.md', false, 'admin', '2020-01-01 00:00:00.000000', '/mep_capability/ObjectDetection.md')
        ON CONFLICT(file_id) do nothing;
        INSERT INTO tbl_uploaded_file (file_id, file_name, is_temp, user_id, upload_date, file_path) VALUES
        ('9ace2dfc-6548-4511-96f3-7f622736e186', 'ObjectDetection.yaml', false, 'admin', '2020-01-01 00:00:00.000000', '/mep_capability/ObjectDetection.yaml')
        ON CONFLICT(file_id) do nothing;
        INSERT INTO tbl_uploaded_file (file_id, file_name, is_temp, user_id, upload_date, file_path) VALUES
        ('43728963-4877-4277-b7a9-f50c154db89a', 'target detection.jpg', false, 'admin', '2020-01-01 00:00:00.000000', '/mep_capability/images/target detection.jpg')
        ON CONFLICT(file_id) do nothing;

        INSERT INTO tbl_uploaded_file (file_id, file_name, is_temp, user_id, upload_date, file_path) VALUES
        ('84acf7bb-3e78-489a-90dc-95784b2dae0e', 'Blur2Sharp.yaml', false, 'admin', '2020-01-01 00:00:00.000000', '/mep_capability/Blur2Sharp.yaml')
        ON CONFLICT(file_id) do nothing;
        INSERT INTO tbl_uploaded_file (file_id, file_name, is_temp, user_id, upload_date, file_path) VALUES
        ('bd4346ba-e4c3-4c51-82df-beacf6481b59', 'Blur2SharpImage.md', false, 'admin', '2020-01-01 00:00:00.000000', '/mep_capability/Blur2SharpImage.md')
        ON CONFLICT(file_id) do nothing;
        INSERT INTO tbl_uploaded_file (file_id, file_name, is_temp, user_id, upload_date, file_path) VALUES
        ('99b010d0-77fd-44a7-a667-439dd8ad18b4', 'blurred image becomes clear.jpg', false, 'admin', '2020-01-01 00:00:00.000000', '/mep_capability/images/blurred image becomes clear.jpg')
        ON CONFLICT(file_id) do nothing;

        INSERT INTO tbl_uploaded_file (file_id, file_name, is_temp, user_id, upload_date, file_path) VALUES
        ('84acf7bb-3e78-489a-90dc-95784b2dae01', 'CropAnImage.yaml', false, 'admin', '2020-01-01 00:00:00.000000', '/mep_capability/CropAnImage.yaml')
        ON CONFLICT(file_id) do nothing;
        INSERT INTO tbl_uploaded_file (file_id, file_name, is_temp, user_id, upload_date, file_path) VALUES
        ('bd4346ba-e4c3-4c51-82df-beacf6481b51', 'CropAnImage.md', false, 'admin', '2020-01-01 00:00:00.000000', '/mep_capability/CropAnImage.md')
        ON CONFLICT(file_id) do nothing;
        INSERT INTO tbl_uploaded_file (file_id, file_name, is_temp, user_id, upload_date, file_path) VALUES
        ('cde646d6-4954-4305-b745-408dfeda83ca', 'image crop.jpg', false, 'admin', '2020-01-01 00:00:00.000000', '/mep_capability/images/image crop.jpg')
        ON CONFLICT(file_id) do nothing;

        INSERT INTO tbl_uploaded_file (file_id, file_name, is_temp, user_id, upload_date, file_path) VALUES
        ('84acf7bb-3e78-489a-90dc-95784b2dae03', 'DehazePicture.yaml', false, 'admin', '2020-01-01 00:00:00.000000', '/mep_capability/DehazePicture.yaml')
        ON CONFLICT(file_id) do nothing;
        INSERT INTO tbl_uploaded_file (file_id, file_name, is_temp, user_id, upload_date, file_path) VALUES
        ('bd4346ba-e4c3-4c51-82df-beacf6481b53', 'DehazePicture.md', false, 'admin', '2020-01-01 00:00:00.000000', '/mep_capability/DehazePicture.md')
        ON CONFLICT(file_id) do nothing;
        INSERT INTO tbl_uploaded_file (file_id, file_name, is_temp, user_id, upload_date, file_path) VALUES
        ('e37c0ca9-f048-4520-80e1-7f84fe5bd053', 'image defogging.jpg', false, 'admin', '2020-01-01 00:00:00.000000', '/mep_capability/images/image defogging.jpg')
        ON CONFLICT(file_id) do nothing;

        INSERT INTO tbl_uploaded_file (file_id, file_name, is_temp, user_id, upload_date, file_path) VALUES
        ('84acf7bb-3e78-489a-90dc-95784b2dae04', 'GarbageDetection.yaml', false, 'admin', '2020-01-01 00:00:00.000000', '/mep_capability/GarbageDetection.yaml')
        ON CONFLICT(file_id) do nothing;
        INSERT INTO tbl_uploaded_file (file_id, file_name, is_temp, user_id, upload_date, file_path) VALUES
        ('bd4346ba-e4c3-4c51-82df-beacf6481b54', 'GarbageDetection.md', false, 'admin', '2020-01-01 00:00:00.000000', '/mep_capability/GarbageDetection.md')
        ON CONFLICT(file_id) do nothing;
        INSERT INTO tbl_uploaded_file (file_id, file_name, is_temp, user_id, upload_date, file_path) VALUES
        ('5d68bec9-2323-4bb7-b46c-158dc1c40b81', 'garbage identification.jpg', false, 'admin', '2020-01-01 00:00:00.000000', '/mep_capability/images/garbage identification.jpg')
        ON CONFLICT(file_id) do nothing;

        INSERT INTO tbl_uploaded_file (file_id, file_name, is_temp, user_id, upload_date, file_path) VALUES
        ('84acf7bb-3e78-489a-90dc-95784b2dae05', 'MaskDetectionPicture.yaml', false, 'admin', '2020-01-01 00:00:00.000000', '/mep_capability/MaskDetectionPicture.yaml')
        ON CONFLICT(file_id) do nothing;
        INSERT INTO tbl_uploaded_file (file_id, file_name, is_temp, user_id, upload_date, file_path) VALUES
        ('bd4346ba-e4c3-4c51-82df-beacf6481b55', 'MaskDetectionPicture.md', false, 'admin', '2020-01-01 00:00:00.000000', '/mep_capability/MaskDetectionPicture.md')
        ON CONFLICT(file_id) do nothing;
        INSERT INTO tbl_uploaded_file (file_id, file_name, is_temp, user_id, upload_date, file_path) VALUES
        ('2d753fd4-d750-4d9c-8a2f-f1d76f5909cc', 'mask detection.jpg', false, 'admin', '2020-01-01 00:00:00.000000', '/mep_capability/images/mask detection.jpg')
        ON CONFLICT(file_id) do nothing;

        INSERT INTO tbl_uploaded_file (file_id, file_name, is_temp, user_id, upload_date, file_path) VALUES
        ('84acf7bb-3e78-489a-90dc-95784b2dae06', 'PortraitPicture.yaml', false, 'admin', '2020-01-01 00:00:00.000000', '/mep_capability/PortraitPicture.yaml')
        ON CONFLICT(file_id) do nothing;
        INSERT INTO tbl_uploaded_file (file_id, file_name, is_temp, user_id, upload_date, file_path) VALUES
        ('bd4346ba-e4c3-4c51-82df-beacf6481b56', 'PortraitPicture.md', false, 'admin', '2020-01-01 00:00:00.000000', '/mep_capability/PortraitPicture.md')
        ON CONFLICT(file_id) do nothing;
        INSERT INTO tbl_uploaded_file (file_id, file_name, is_temp, user_id, upload_date, file_path) VALUES
        ('ea939ac1-9c38-4690-8f39-ea6fa9fdc643', 'background replacement.jpg', false, 'admin', '2020-01-01 00:00:00.000000', '/mep_capability/images/background replacement.jpg')
        ON CONFLICT(file_id) do nothing;

        INSERT INTO tbl_uploaded_file (file_id, file_name, is_temp, user_id, upload_date, file_path) VALUES
        ('84acf7bb-3e78-489a-90dc-95784b2dae07', 'ResizeAnImage.yaml', false, 'admin', '2020-01-01 00:00:00.000000', '/mep_capability/ResizeAnImage.yaml')
        ON CONFLICT(file_id) do nothing;
        INSERT INTO tbl_uploaded_file (file_id, file_name, is_temp, user_id, upload_date, file_path) VALUES
        ('bd4346ba-e4c3-4c51-82df-beacf6481b57', 'ResizeAnImage.md', false, 'admin', '2020-01-01 00:00:00.000000', '/mep_capability/ResizeAnImage.md')
        ON CONFLICT(file_id) do nothing;
        INSERT INTO tbl_uploaded_file (file_id, file_name, is_temp, user_id, upload_date, file_path) VALUES
        ('1aa25482-f654-48ec-879e-2c2a1cadd917', 'size adjustment.jpg', false, 'admin', '2020-01-01 00:00:00.000000', '/mep_capability/images/size adjustment.jpg')
        ON CONFLICT(file_id) do nothing;

        INSERT INTO tbl_uploaded_file (file_id, file_name, is_temp, user_id, upload_date, file_path) VALUES
        ('84acf7bb-3e78-489a-90dc-95784b2dae08', 'SuperResolution.yaml', false, 'admin', '2020-01-01 00:00:00.000000', '/mep_capability/SuperResolution.yaml')
        ON CONFLICT(file_id) do nothing;
        INSERT INTO tbl_uploaded_file (file_id, file_name, is_temp, user_id, upload_date, file_path) VALUES
        ('bd4346ba-e4c3-4c51-82df-beacf6481b58', 'SuperResolution.md', false, 'admin', '2020-01-01 00:00:00.000000', '/mep_capability/SuperResolution.md')
        ON CONFLICT(file_id) do nothing;
        INSERT INTO tbl_uploaded_file (file_id, file_name, is_temp, user_id, upload_date, file_path) VALUES
        ('6c5e9142-0a05-4ab6-929c-967010315121', 'super resolution image.jpg', false, 'admin', '2020-01-01 00:00:00.000000', '/mep_capability/images/super resolution image.jpg')
        ON CONFLICT(file_id) do nothing;


        -- workspace AI capability init --

        INSERT INTO tbl_uploaded_file (file_id, file_name, is_temp, user_id, upload_date, file_path) VALUES
        ('d0f8fa57-2f4c-4182-be33-0a508964d04a', 'Face Recognition service.json', false, 'admin', '2020-01-01 00:00:00.000000', '/mep_capability/d0f8fa57-2f4c-4182-be33-0a508964d04a')
        ON CONFLICT(file_id) do nothing;
        INSERT INTO tbl_uploaded_file (file_id, file_name, is_temp, user_id, upload_date, file_path) VALUES
        ('10d8a909-742a-433f-8f7a-5c7667adf825', 'Face Recognition service.md', false, 'admin', '2021-02-05 11:50:28', '/mep_capability/10d8a909-742a-433f-8f7a-5c7667adf825')
        ON CONFLICT(file_id) do nothing;
        INSERT INTO tbl_uploaded_file (file_id, file_name, is_temp, user_id, upload_date, file_path) VALUES
        ('58f39f8a-332d-4e11-8421-bd4e11769d86', 'Face Recognition service_en.md', false, 'admin', '2021-02-05 11:50:28', '/mep_capability/58f39f8a-332d-4e11-8421-bd4e11769d86')
        ON CONFLICT(file_id) do nothing;
        INSERT INTO tbl_uploaded_file (file_id, file_name, is_temp, user_id, upload_date, file_path) VALUES
        ('193b08b6-b5da-4ee3-ba09-b39530611ba7', 'face recognition.jpg', false, 'admin', '2020-01-01 00:00:00.000000', '/mep_capability/images/face recognition.jpg')
        ON CONFLICT(file_id) do nothing;


        INSERT INTO tbl_uploaded_file (file_id, file_name, is_temp, user_id, upload_date, file_path) VALUES
        ('b0b0f727-9964-48bc-9b04-2ed039c58d33', 'lossless-decompression.md', false, 'admin', '2020-01-01 00:00:00.000000', '/mep_capability/b0b0f727-9964-48bc-9b04-2ed039c58d33')
        ON CONFLICT(file_id) do nothing;
        INSERT INTO tbl_uploaded_file (file_id, file_name, is_temp, user_id, upload_date, file_path) VALUES
        ('16532bf6-35cc-42e7-a77f-cbf6020c3667', 'lossless-decompression.yaml', false, 'admin', '2020-01-01 00:00:00.000000', '/mep_capability/16532bf6-35cc-42e7-a77f-cbf6020c3667')
        ON CONFLICT(file_id) do nothing;
        INSERT INTO tbl_uploaded_file (file_id, file_name, is_temp, user_id, upload_date, file_path) VALUES
        ('5275d443-2200-4901-98da-7ec3e66db5e1', 'lossless-decompression_en.yaml', false, 'admin', '2020-01-01 00:00:00.000000', '/mep_capability/5275d443-2200-4901-98da-7ec3e66db5e1')
        ON CONFLICT(file_id) do nothing;
        INSERT INTO tbl_uploaded_file (file_id, file_name, is_temp, user_id, upload_date, file_path) VALUES
        ('d089b6c6-1d6a-40be-93ea-f3b6f23c116a', 'lossless decompression.jpg', false, 'admin', '2020-01-01 00:00:00.000000', '/mep_capability/images/lossless decompression.jpg')
        ON CONFLICT(file_id) do nothing;

        INSERT INTO tbl_uploaded_file (file_id, file_name, is_temp, user_id, upload_date, file_path) VALUES
        ('35249ffa-4998-4492-8440-fc9a52fd2fc7', 'distributed-database.md', false, 'admin', '2020-01-01 00:00:00.000000', '/mep_capability/35249ffa-4998-4492-8440-fc9a52fd2fc7')
        ON CONFLICT(file_id) do nothing;
        INSERT INTO tbl_uploaded_file (file_id, file_name, is_temp, user_id, upload_date, file_path) VALUES
        ('da823a31-f3c9-44f4-92d9-24bb2cded86c', 'distributed-database.yaml', false, 'admin', '2020-01-01 00:00:00.000000', '/mep_capability/da823a31-f3c9-44f4-92d9-24bb2cded86c')
        ON CONFLICT(file_id) do nothing;
        INSERT INTO tbl_uploaded_file (file_id, file_name, is_temp, user_id, upload_date, file_path) VALUES
        ('e5f62364-fc24-4ad7-a8c7-ad838d400e08', 'distributed-database_en.yaml', false, 'admin', '2020-01-01 00:00:00.000000', '/mep_capability/e5f62364-fc24-4ad7-a8c7-ad838d400e08')
        ON CONFLICT(file_id) do nothing;
        INSERT INTO tbl_uploaded_file (file_id, file_name, is_temp, user_id, upload_date, file_path) VALUES
        ('279ea090-e0a4-486e-895a-3c70097c240f', 'data management.jpg', false, 'admin', '2020-01-01 00:00:00.000000', '/mep_capability/images/data management.jpg')
        ON CONFLICT(file_id) do nothing;

        INSERT INTO tbl_uploaded_file (file_id, file_name, is_temp, user_id, upload_date, file_path) VALUES
        ('2099cd1-e2c4-454b-9ee6-d2d54846928b', 'jcseg.md', false, 'admin', '2020-01-01 00:00:00.000000', '/mep_capability/2099cd1-e2c4-454b-9ee6-d2d54846928b')
        ON CONFLICT(file_id) do nothing;
        INSERT INTO tbl_uploaded_file (file_id, file_name, is_temp, user_id, upload_date, file_path) VALUES
        ('b1f85bcc-74f4-4e78-8545-53986f0156e7', 'jcseg.yaml', false, 'admin', '2020-01-01 00:00:00.000000', '/mep_capability/b1f85bcc-74f4-4e78-8545-53986f0156e7')
        ON CONFLICT(file_id) do nothing;
        INSERT INTO tbl_uploaded_file (file_id, file_name, is_temp, user_id, upload_date, file_path) VALUES
        ('e51fd154-0f0a-4a30-8fa2-fd7f83677aa8', 'jcseg_en.yaml', false, 'admin', '2020-01-01 00:00:00.000000', '/mep_capability/e51fd154-0f0a-4a30-8fa2-fd7f83677aa8')
        ON CONFLICT(file_id) do nothing;
        INSERT INTO tbl_uploaded_file (file_id, file_name, is_temp, user_id, upload_date, file_path) VALUES
        ('6152aa6d-fe27-44f0-89ac-c0de5ae24349', 'lightweight chword segmenter.jpg', false, 'admin', '2020-01-01 00:00:00.000000', '/mep_capability/images/lightweight chword segmenter.jpg')
        ON CONFLICT(file_id) do nothing;

        INSERT INTO tbl_uploaded_file (file_id, file_name, is_temp, user_id, upload_date, file_path) VALUES
        ('92b875b6-d6e4-4ad8-9a7f-17ffe06e79d9', 'apisix.md', false, 'admin', '2020-01-01 00:00:00.000000', '/mep_capability/92b875b6-d6e4-4ad8-9a7f-17ffe06e79d9')
        ON CONFLICT(file_id) do nothing;
        INSERT INTO tbl_uploaded_file (file_id, file_name, is_temp, user_id, upload_date, file_path) VALUES
        ('a719208e-1d30-4e00-b397-148308c3f6b0', 'apisix.yaml', false, 'admin', '2020-01-01 00:00:00.000000', '/mep_capability/a719208e-1d30-4e00-b397-148308c3f6b0')
        ON CONFLICT(file_id) do nothing;
        INSERT INTO tbl_uploaded_file (file_id, file_name, is_temp, user_id, upload_date, file_path) VALUES
        ('5e951098-44af-4408-bdba-93db5fbc6928', 'apisix_en.yaml', false, 'admin', '2020-01-01 00:00:00.000000', '/mep_capability/5e951098-44af-4408-bdba-93db5fbc6928')
        ON CONFLICT(file_id) do nothing;
        INSERT INTO tbl_uploaded_file (file_id, file_name, is_temp, user_id, upload_date, file_path) VALUES
        ('537a5768-72e3-4234-ad18-b32ea1100583', 'unified gateway.jpg', false, 'admin', '2020-01-01 00:00:00.000000', '/mep_capability/images/unified gateway.jpg')
        ON CONFLICT(file_id) do nothing;

        -- workspace ETSI capability init --

        INSERT INTO tbl_uploaded_file (file_id, file_name, is_temp, user_id, upload_date, file_path) VALUES
        ('6692b2fc-1ba4-46f8-8695-db87d20e0eb6', 'MEC010-2_AppPkgMgmt.json', false, 'admin', '2021-4-3 00:00:00.000000', '/mep_capability/MEC010-2_AppPkgMgmt.json')
        ON CONFLICT(file_id) do nothing;
        INSERT INTO tbl_uploaded_file (file_id, file_name, is_temp, user_id, upload_date, file_path) VALUES
        ('060e2111-a898-4a09-bcf8-4469a243ae9e', 'service governance.jpg', false, 'admin', '2020-01-01 00:00:00.000000', '/mep_capability/images/service governance.jpg')
        ON CONFLICT(file_id) do nothing;

        INSERT INTO tbl_uploaded_file (file_id, file_name, is_temp, user_id, upload_date, file_path) VALUES
        ('1b1639ae-fa09-4edf-b834-93bcd141291d', 'MEC010-2_AppLcm.json', false, 'admin', '2021-4-3 00:00:00.000000', '/mep_capability/MEC010-2_AppLcm.json')
        ON CONFLICT(file_id) do nothing;
        INSERT INTO tbl_uploaded_file (file_id, file_name, is_temp, user_id, upload_date, file_path) VALUES
        ('32fb30db-0a45-4772-a686-37508a71f0bb', 'service governance.jpg', false, 'admin', '2020-01-01 00:00:00.000000', '/mep_capability/images/service governance.jpg')
        ON CONFLICT(file_id) do nothing;

        INSERT INTO tbl_uploaded_file (file_id, file_name, is_temp, user_id, upload_date, file_path) VALUES
        ('225493dc-31ce-4a1b-9e68-dee50423e0b2', 'MEC010-2_AppGrant.json', false, 'admin', '2021-4-3 00:00:00.000000', '/mep_capability/MEC010-2_AppGrant.json')
        ON CONFLICT(file_id) do nothing;
        INSERT INTO tbl_uploaded_file (file_id, file_name, is_temp, user_id, upload_date, file_path) VALUES
        ('6630348a-146c-4038-b104-231d4dafec2c', 'service governance.jpg', false, 'admin', '2020-01-01 00:00:00.000000', '/mep_capability/images/service governance.jpg')
        ON CONFLICT(file_id) do nothing;

        INSERT INTO tbl_uploaded_file (file_id, file_name, is_temp, user_id, upload_date, file_path) VALUES
        ('1d22f1af-53de-4806-b0e3-2d0fdba9631d', 'MecAppSupportApi.json', false, 'admin', '2021-4-3 00:00:00.000000', '/mep_capability/MecAppSupportApi.json')
        ON CONFLICT(file_id) do nothing;
        INSERT INTO tbl_uploaded_file (file_id, file_name, is_temp, user_id, upload_date, file_path) VALUES
        ('2b429877-36b2-4957-ad2a-ed14c7815bd5', 'service governance.jpg', false, 'admin', '2020-01-01 00:00:00.000000', '/mep_capability/images/service governance.jpg')
        ON CONFLICT(file_id) do nothing;

        INSERT INTO tbl_uploaded_file (file_id, file_name, is_temp, user_id, upload_date, file_path) VALUES
        ('a5983da8-3b06-4f8b-b3fb-217062a209b5', 'MecServiceMgmtApi.json', false, 'admin', '2021-4-3 00:00:00.000000', '/mep_capability/MecServiceMgmtApi.json')
        ON CONFLICT(file_id) do nothing;
        INSERT INTO tbl_uploaded_file (file_id, file_name, is_temp, user_id, upload_date, file_path) VALUES
        ('2b429877-36b2-4957-ad2a-ed14c7815bf9', 'service governance.jpg', false, 'admin', '2020-01-01 00:00:00.000000', '/mep_capability/images/service governance.jpg')
        ON CONFLICT(file_id) do nothing;

        INSERT INTO tbl_uploaded_file (file_id, file_name, is_temp, user_id, upload_date, file_path) VALUES
        ('2ebaa02e-7b72-45c5-b39a-c6166df74cc9', 'service governance.jpg', false, 'admin', '2020-01-01 00:00:00.000000', '/mep_capability/images/service governance.jpg')
        ON CONFLICT(file_id) do nothing;

        INSERT INTO tbl_uploaded_file (file_id, file_name, is_temp, user_id, upload_date, file_path) VALUES
        ('0a0d5f75-5d64-410b-aaa2-f13c157477c0', 'LocationAPI.json', false, 'admin', '2021-4-3 00:00:00.000000', '/mep_capability/LocationAPI.json')
        ON CONFLICT(file_id) do nothing;
        INSERT INTO tbl_uploaded_file (file_id, file_name, is_temp, user_id, upload_date, file_path) VALUES
        ('f6f9d509-ac00-4557-97cb-116cc003623b', 'service governance.jpg', false, 'admin', '2020-01-01 00:00:00.000000', '/mep_capability/images/service governance.jpg')
        ON CONFLICT(file_id) do nothing;

        INSERT INTO tbl_uploaded_file (file_id, file_name, is_temp, user_id, upload_date, file_path) VALUES
        ('1ec63237-569a-4ff6-8949-602df141219e', 'MEC030_V2XInformationService.json', false, 'admin', '2021-4-3 00:00:00.000000', '/mep_capability/MEC030_V2XInformationService.json')
        ON CONFLICT(file_id) do nothing;
        INSERT INTO tbl_uploaded_file (file_id, file_name, is_temp, user_id, upload_date, file_path) VALUES
        ('7773511f-7163-4638-aaba-a812cb1074d4', 'service governance.jpg', false, 'admin', '2020-01-01 00:00:00.000000', '/mep_capability/images/service governance.jpg')
        ON CONFLICT(file_id) do nothing;

        INSERT INTO tbl_uploaded_file (file_id, file_name, is_temp, user_id, upload_date, file_path) VALUES
        ('6f06d423-f5f9-49a6-a6a8-474ad5e31299', 'MEC029_FAI.json', false, 'admin', '2021-4-3 00:00:00.000000', '/mep_capability/MEC029_FAI.json')
        ON CONFLICT(file_id) do nothing;
        INSERT INTO tbl_uploaded_file (file_id, file_name, is_temp, user_id, upload_date, file_path) VALUES
        ('11a8eb35-9afa-4db7-befc-ba0f042924de', 'service governance.jpg', false, 'admin', '2020-01-01 00:00:00.000000', '/mep_capability/images/service governance.jpg')
        ON CONFLICT(file_id) do nothing;

        INSERT INTO tbl_uploaded_file (file_id, file_name, is_temp, user_id, upload_date, file_path) VALUES
        ('e6d5c865-1328-4fc0-ba09-13b1f2d91ce1', 'UEidentityAPI.json', false, 'admin', '2021-4-3 00:00:00.000000', '/mep_capability/UEidentityAPI.json')
        ON CONFLICT(file_id) do nothing;
        INSERT INTO tbl_uploaded_file (file_id, file_name, is_temp, user_id, upload_date, file_path) VALUES
        ('e9e3cee1-7a92-4020-9879-a660ca096e1d', 'service governance.jpg', false, 'admin', '2020-01-01 00:00:00.000000', '/mep_capability/images/service governance.jpg')
        ON CONFLICT(file_id) do nothing;

        INSERT INTO tbl_uploaded_file (file_id, file_name, is_temp, user_id, upload_date, file_path) VALUES
        ('fe7156d1-b6a6-40c1-a6e7-3f2a2e442d1d', 'WlanInformationApi.json', false, 'admin', '2021-4-3 00:00:00.000000', '/mep_capability/WlanInformationApi.json')
        ON CONFLICT(file_id) do nothing;
        INSERT INTO tbl_uploaded_file (file_id, file_name, is_temp, user_id, upload_date, file_path) VALUES
        ('11aba3ac-0328-40b4-8815-f4f8a431fc37', 'service governance.jpg', false, 'admin', '2020-01-01 00:00:00.000000', '/mep_capability/images/service governance.jpg')
        ON CONFLICT(file_id) do nothing;

        INSERT INTO tbl_uploaded_file (file_id, file_name, is_temp, user_id, upload_date, file_path) VALUES
        ('16832aff-6d18-47d1-850b-c6b2162124be', 'MEC021_AppMobilityService.json', false, 'admin', '2021-4-3 00:00:00.000000', '/mep_capability/MEC021_AppMobilityService.json')
        ON CONFLICT(file_id) do nothing;
        INSERT INTO tbl_uploaded_file (file_id, file_name, is_temp, user_id, upload_date, file_path) VALUES
        ('0b484e09-2489-4370-9a95-9de71a406dfc', 'service governance.jpg', false, 'admin', '2020-01-01 00:00:00.000000', '/mep_capability/images/service governance.jpg')
        ON CONFLICT(file_id) do nothing;

        INSERT INTO tbl_uploaded_file (file_id, file_name, is_temp, user_id, upload_date, file_path) VALUES
        ('7fdfd6e8-7dc5-4a3c-9862-45d04ce2c1f9', 'UEAppInterfaceApi.json', false, 'admin', '2021-4-3 00:00:00.000000', '/mep_capability/UEAppInterfaceApi.json')
        ON CONFLICT(file_id) do nothing;
        INSERT INTO tbl_uploaded_file (file_id, file_name, is_temp, user_id, upload_date, file_path) VALUES
        ('f1cc2a67-d697-4765-b034-880422103de4', 'service governance.jpg', false, 'admin', '2020-01-01 00:00:00.000000', '/mep_capability/images/service governance.jpg')
        ON CONFLICT(file_id) do nothing;

        INSERT INTO tbl_uploaded_file (file_id, file_name, is_temp, user_id, upload_date, file_path) VALUES
        ('7bcb9fa2-0707-4961-bbe4-02dbbddf2f3a', 'BwManagementApi.json', false, 'admin', '2021-4-3 00:00:00.000000', '/mep_capability/BwManagementApi.json')
        ON CONFLICT(file_id) do nothing;
        INSERT INTO tbl_uploaded_file (file_id, file_name, is_temp, user_id, upload_date, file_path) VALUES
        ('05335025-9898-42f0-9f64-3bcfd016f7e9', 'service governance.jpg', false, 'admin', '2020-01-01 00:00:00.000000', '/mep_capability/images/service governance.jpg')
        ON CONFLICT(file_id) do nothing;

        INSERT INTO tbl_uploaded_file (file_id, file_name, is_temp, user_id, upload_date, file_path) VALUES
        ('a56461cb-7dd3-46f1-8d71-3677d098ee19', 'RniAPI.json', false, 'admin', '2021-4-3 00:00:00.000000', '/mep_capability/RniAPI.json')
        ON CONFLICT(file_id) do nothing;
        INSERT INTO tbl_uploaded_file (file_id, file_name, is_temp, user_id, upload_date, file_path) VALUES
        ('1ec63fec-d18d-4439-9155-231a82ec78aa', 'service governance.jpg', false, 'admin', '2020-01-01 00:00:00.000000', '/mep_capability/images/service governance.jpg')
        ON CONFLICT(file_id) do nothing;

        -- workspace 3GPP capability init --

        INSERT INTO tbl_uploaded_file (file_id, file_name, is_temp, user_id, upload_date, file_path) VALUES
        ('641aa2bc-f5db-4c06-b4a7-9d13795372c2', 'service governance.jpg', false, 'admin', '2020-01-01 00:00:00.000000', '/mep_capability/images/service governance.jpg')
        ON CONFLICT(file_id) do nothing;

        INSERT INTO tbl_uploaded_file (file_id, file_name, is_temp, user_id, upload_date, file_path) VALUES
        ('8fe31309-9e28-40f7-a593-a87e9a73ba5e', '3gpp.md', false, 'admin', '2020-01-01 00:00:00.000000', '/mep_capability/8fe31309-9e28-40f7-a593-a87e9a73ba5e')
        ON CONFLICT(file_id) do nothing;

        INSERT INTO tbl_uploaded_file (file_id, file_name, is_temp, user_id, upload_date, file_path) VALUES
        ('8fe31809-9e28-40f7-a593-a87e9a73ba5e', '3gpp.yaml', false, 'admin', '2020-01-01 00:00:00.000000', '/mep_capability/3gpp.yaml')
        ON CONFLICT(file_id) do nothing;

        INSERT INTO tbl_uploaded_file (file_id, file_name, is_temp, user_id, upload_date, file_path) VALUES
        ('b107469e-31eb-4a6c-b6ed-2d4554c9f95a', 'service governance.jpg', false, 'admin', '2020-01-01 00:00:00.000000', '/mep_capability/images/service governance.jpg')
        ON CONFLICT(file_id) do nothing;

        INSERT INTO tbl_uploaded_file (file_id, file_name, is_temp, user_id, upload_date, file_path) VALUES
        ('df43597a-e84d-42af-a8d2-25d5fc15aa46', 'service governance.jpg', false, 'admin', '2020-01-01 00:00:00.000000', '/mep_capability/images/service governance.jpg')
        ON CONFLICT(file_id) do nothing;

        INSERT INTO tbl_uploaded_file (file_id, file_name, is_temp, user_id, upload_date, file_path) VALUES
        ('8e90acb8-94dc-4ff8-a161-440ab4856f59', 'service governance.jpg', false, 'admin', '2020-01-01 00:00:00.000000', '/mep_capability/images/service governance.jpg')
        ON CONFLICT(file_id) do nothing;

        INSERT INTO tbl_uploaded_file (file_id, file_name, is_temp, user_id, upload_date, file_path) VALUES
        ('6dc35a61-9120-48f6-8b46-3e9343fefc14', 'service governance.jpg', false, 'admin', '2020-01-01 00:00:00.000000', '/mep_capability/images/service governance.jpg')
        ON CONFLICT(file_id) do nothing;

        ---add default open service img
        INSERT INTO tbl_uploaded_file (file_id, file_name, is_temp, user_id, upload_date, file_path) VALUES
        ('20aeed6a-f05f-4789-94b5-8a50db67d096', 'default service.jpg', false, 'admin', '2020-01-01 00:00:00.000000', '/mep_capability/images/default service.jpg')
        ON CONFLICT(file_id) do nothing;
        -- workspace mep capability init end--


        -- capability & group
        insert into tbl_capability_group(id,name,name_en,type,author,create_time,update_time)values('406593b4-c782-409c-8f46-a6fd5e1f6221','电信网络能力','Telecom network','OPENMEP','admin',1628239515017,1628239515017)ON CONFLICT(id) do nothing;
    insert into tbl_capability_group(id,name,name_en,type,author,create_time,update_time)values('c0db376b-ae50-48fc-b9f7-58a609e3ee12','平台基础服务','Platform services','OPENMEP','admin',1628239515017,1628239515017)ON CONFLICT(id) do nothing;
    insert into tbl_capability_group(id,name,name_en,type,author,create_time,update_time)values('b8ddc4c4-07ca-4b49-a3dd-c018f120bff1','昇腾AI能力','Ascend AI','OPENMEP','admin',1628239515017,1628239515017)ON CONFLICT(id) do nothing;
    insert into tbl_capability_group(id,name,name_en,type,author,create_time,update_time)values('0a96b3f8-72a8-4373-a129-cc30329e73bf','3GPP','3GPP','STANDARD','admin',1628239515017,1628239515017)ON CONFLICT(id) do nothing;
    insert into tbl_capability_group(id,name,name_en,type,author,create_time,update_time)values('24b9aa35-ec95-4827-a6ae-213d581bf9f2','ETSI','ETSI','STANDARD','admin',1628239515017,1628239515017)ON CONFLICT(id) do nothing;
    insert into tbl_capability_group(id,name,name_en,type,author,create_time,update_time)values('4466a11e-c213-40ef-9d28-1907b63b8844','公共框架','Public framework','OPENMEP','admin',1628239515017,1628239515017)ON CONFLICT(id) do nothing;
    insert into tbl_capability_group(id,name,name_en,type,author,create_time,update_time)values('293bebd8-a226-4df6-adff-2d4bed7b08d3','数据库','DateBase','OPENMEP','admin',1628239515017,1628239515017)ON CONFLICT(id) do nothing;
    insert into tbl_capability_group(id,name,name_en,type,author,create_time,update_time)values('ab88bc3a-e1c0-4d0d-a4e5-242902f39b12','AI能力','AI capabilities','OPENMEP','admin',1628239515017,1628239515017)ON CONFLICT(id) do nothing;
    insert into tbl_capability_group(id,name,name_en,type,author,create_time,update_time)values('4dba5f43-d802-4ec2-89c5-a2b5d3ffa5fd','视频处理','Video processing','OPENMEP','admin',1628239515017,1628239515017)ON CONFLICT(id) do nothing;

    insert into tbl_capability(id, name, name_en, version, description, description_en, provider, group_id, api_file_id, guide_file_id, guide_file_id_en, upload_time, host, port, protocol, user_id, select_count, icon_file_id)values('e0eacedb-e94f-4f13-a616-e8a58335f017','拥塞检测','Congestion Detection','v1','EdgeGallery平台为APP提供了实时拥塞调度，达到最佳业务体验。','The EdgeGallery platform provides real-time congestion scheduling for APP to achieve the best business experience.','Huawei','406593b4-c782-409c-8f46-a6fd5e1f6221','67f709a0-e269-465a-a540-c7a8f4c685d8','e2d758e5-4454-4645-ba3a-7aeecfe3f827','335c21ce-7768-44ee-8627-bf0af40e1a25',1628239515017,'congestion-detection',0,'http','admin',0,'64fede38-3b05-4eda-9109-f472d0bedf80')ON CONFLICT(id) do nothing;
    insert into tbl_capability(id, name, name_en, version, description, description_en, provider, group_id, api_file_id, guide_file_id, guide_file_id_en, upload_time, host, port, protocol, user_id, select_count, icon_file_id)values('048bea62-30af-4443-a9c4-ff69319c741f','上行压缩','Uplink Compression','v1','为图像分析APP提供高质量图像数据。','Provide high-quality image data for image analysis APP.','Huawei','406593b4-c782-409c-8f46-a6fd5e1f6221','71f887cf-b316-4ffe-800f-b680b4006107','ffb4c1dd-cb29-4bc7-aed1-b3cff8aa7891','fd0b4541-422d-4ece-b4e9-5c71da6a4363',1628239515017,'uplink-compression',0,'http','admin',0,'7bc4061f-6e8d-4805-a7bb-88a5b32d332e')ON CONFLICT(id) do nothing;
    insert into tbl_capability(id, name, name_en, version, description, description_en, provider, group_id, api_file_id, guide_file_id, guide_file_id_en, upload_time, host, port, protocol, user_id, select_count, icon_file_id)values('3fda958c-ef56-44c9-bf3b-469cf5d54e33','流量规则','Traffic Rule','v1','为MEC应用APP配置和修改流量规则信息。','Configure and modify traffic rule information for MEC application APP.','Huawei','406593b4-c782-409c-8f46-a6fd5e1f6221','9f1f13a0-8554-4dfa-90a7-d2765238fca7','5110740f-305c-4553-920e-2b11cd9f64c1','25689270-5d31-4f5f-9edd-f81a83cb4844',1628239515017,'traffice-service',8456,'http','admin',0,'9eb3e151-f447-47f1-aa54-003e2c1e7c45')ON CONFLICT(id) do nothing;
    insert into tbl_capability(id, name, name_en, version, description, description_en, provider, group_id, api_file_id, guide_file_id, guide_file_id_en, upload_time, host, port, protocol, user_id, select_count, icon_file_id)values('146f4f87-4027-4ad8-af99-ec4a6f6bcc3c','位置服务','Location service','v1','为APP提供定位服务，包括接入点信息，指定用户的位置信息等','Provide location services for APP, including access point information, location information of designated users, etc.','Huawei','406593b4-c782-409c-8f46-a6fd5e1f6221','688f259e-48eb-407d-8604-7feb19cf1f44','b0819798-e932-415c-95f5-dead04ef2fba','3fe31309-9e28-40f7-a593-a87e9a73ba5e',1628239515017,'location-service',8487,'http','admin',0,'682e2ab3-90c6-44e8-86b9-fcf98007b906')ON CONFLICT(id) do nothing;
    insert into tbl_capability(id, name, name_en, version, description, description_en, provider, group_id, api_file_id, guide_file_id, guide_file_id_en, upload_time, host, port, protocol, user_id, select_count, icon_file_id)values('ee7fbc17-f370-4c02-a9ab-680a41cd0255','带宽管理','Bandwidth management','v1','为APP提供网络宽带业务相关的功能','The EdgeGallery platform provides APP with functions related to network broadband services.','Huawei','406593b4-c782-409c-8f46-a6fd5e1f6221','7c544903-aa4f-40e0-bd8c-cf6e17c37c12','6736ec41-eb7e-4dca-bda2-3b4e10d0a294','16dd231c-70dd-4187-a89b-2eb4db79264f',1628239515017,'bandwidth-service',8489,'http','admin',0,'28780aed-e1b5-46f1-ac02-4d14a5f0dd1e')ON CONFLICT(id) do nothing;
    insert into tbl_capability(id, name, name_en, version, description, description_en, provider, group_id, api_file_id, guide_file_id, guide_file_id_en, upload_time, host, port, protocol, user_id, select_count, icon_file_id)values('143e8608-7304-4932-9d99-4bd6b115dac8','服务发现','service discovery','v1','为APP提供服务注册、发现、订阅等相关功能','The EdgeGallery platform provides APP with related functions such as service registration, discovery, and subscription.','Huawei','c0db376b-ae50-48fc-b9f7-58a609e3ee12','540e0817-f6ea-42e5-8c5b-cb2daf9925a3','9bb4a85f-e985-47e1-99a4-20c03a486864','9ace2dfc-6548-4511-96f3-2f622736e18a',1628239515017,'service-discovery',8684,'http','admin',0,'35a52055-42b5-4b5f-bc2b-8a02259f2572')ON CONFLICT(id) do nothing;
    insert into tbl_capability(id, name, name_en, version, description, description_en, provider, group_id, api_file_id, guide_file_id, guide_file_id_en, upload_time, host, port, protocol, user_id, select_count, icon_file_id)values('0610e038-f956-458b-98fc-ef49bcefd798','超分辨率图像处理','Super Resolution','v1','','','Huawei','b8ddc4c4-07ca-4b49-a3dd-c018f120bff1','84acf7bb-3e78-489a-90dc-95784b2dae08','bd4346ba-e4c3-4c51-82df-beacf6481b58','bd4346ba-e4c3-4c51-82df-beacf6481b58',1628239515017,'super-resolution',8080,'http','admin',0,'6c5e9142-0a05-4ab6-929c-967010315121')ON CONFLICT(id) do nothing;
    insert into tbl_capability(id, name, name_en, version, description, description_en, provider, group_id, api_file_id, guide_file_id, guide_file_id_en, upload_time, host, port, protocol, user_id, select_count, icon_file_id)values('0610e038-f956-458b-98fc-ef49bcefd797','尺寸调整','ResizeAnImage','v1','','','Huawei','b8ddc4c4-07ca-4b49-a3dd-c018f120bff1','84acf7bb-3e78-489a-90dc-95784b2dae07','bd4346ba-e4c3-4c51-82df-beacf6481b57','bd4346ba-e4c3-4c51-82df-beacf6481b57',1628239515017,'resize-image',8080,'http','admin',0,'1aa25482-f654-48ec-879e-2c2a1cadd917')ON CONFLICT(id) do nothing;
    insert into tbl_capability(id, name, name_en, version, description, description_en, provider, group_id, api_file_id, guide_file_id, guide_file_id_en, upload_time, host, port, protocol, user_id, select_count, icon_file_id)values('0610e038-f956-458b-98fc-ef49bcefd796','背景替换','Portrait Picture','v1','','','Huawei','b8ddc4c4-07ca-4b49-a3dd-c018f120bff1','84acf7bb-3e78-489a-90dc-95784b2dae06','bd4346ba-e4c3-4c51-82df-beacf6481b56','bd4346ba-e4c3-4c51-82df-beacf6481b56',1628239515017,'portrait-picture',8080,'http','admin',0,'ea939ac1-9c38-4690-8f39-ea6fa9fdc643')ON CONFLICT(id) do nothing;
    insert into tbl_capability(id, name, name_en, version, description, description_en, provider, group_id, api_file_id, guide_file_id, guide_file_id_en, upload_time, host, port, protocol, user_id, select_count, icon_file_id)values('0610e038-f956-458b-98fc-ef49bcefd795','口罩检测','MaskDetection','v1','','','Huawei','b8ddc4c4-07ca-4b49-a3dd-c018f120bff1','84acf7bb-3e78-489a-90dc-95784b2dae05','bd4346ba-e4c3-4c51-82df-beacf6481b55','bd4346ba-e4c3-4c51-82df-beacf6481b55',1628239515017,'mask-detection',8080,'http','admin',0,'2d753fd4-d750-4d9c-8a2f-f1d76f5909cc')ON CONFLICT(id) do nothing;
    insert into tbl_capability(id, name, name_en, version, description, description_en, provider, group_id, api_file_id, guide_file_id, guide_file_id_en, upload_time, host, port, protocol, user_id, select_count, icon_file_id)values('0610e038-f956-458b-98fc-ef49bcefd794','垃圾识别','Garbage Detection','v1','','','Huawei','b8ddc4c4-07ca-4b49-a3dd-c018f120bff1','84acf7bb-3e78-489a-90dc-95784b2dae04','bd4346ba-e4c3-4c51-82df-beacf6481b54','bd4346ba-e4c3-4c51-82df-beacf6481b54',1628239515017,'garbage-etection',8080,'http','admin',0,'5d68bec9-2323-4bb7-b46c-158dc1c40b81')ON CONFLICT(id) do nothing;
    insert into tbl_capability(id, name, name_en, version, description, description_en, provider, group_id, api_file_id, guide_file_id, guide_file_id_en, upload_time, host, port, protocol, user_id, select_count, icon_file_id)values('0610e038-f956-458b-98fc-ef49bcefd793','图像除雾','Dehaze an Image','v1','','','Huawei','b8ddc4c4-07ca-4b49-a3dd-c018f120bff1','84acf7bb-3e78-489a-90dc-95784b2dae03','bd4346ba-e4c3-4c51-82df-beacf6481b53','bd4346ba-e4c3-4c51-82df-beacf6481b53',1628239515017,'dehaze-image',8080,'http','admin',0,'e37c0ca9-f048-4520-80e1-7f84fe5bd053')ON CONFLICT(id) do nothing;
    insert into tbl_capability(id, name, name_en, version, description, description_en, provider, group_id, api_file_id, guide_file_id, guide_file_id_en, upload_time, host, port, protocol, user_id, select_count, icon_file_id)values('0610e038-f956-458b-98fc-ef49bcefd791','图像剪裁','Crop An Image','v1','','','Huawei','b8ddc4c4-07ca-4b49-a3dd-c018f120bff1','84acf7bb-3e78-489a-90dc-95784b2dae01','bd4346ba-e4c3-4c51-82df-beacf6481b51','bd4346ba-e4c3-4c51-82df-beacf6481b51',1628239515017,'Crop An Image',8080,'http','admin',0,'cde646d6-4954-4305-b745-408dfeda83ca')ON CONFLICT(id) do nothing;
    insert into tbl_capability(id, name, name_en, version, description, description_en, provider, group_id, api_file_id, guide_file_id, guide_file_id_en, upload_time, host, port, protocol, user_id, select_count, icon_file_id)values('0610e038-f956-458b-98fc-ef49bcefd79g','模糊图像变清晰','Blur2Sharp','v1','','','Huawei','b8ddc4c4-07ca-4b49-a3dd-c018f120bff1','84acf7bb-3e78-489a-90dc-95784b2dae0e','bd4346ba-e4c3-4c51-82df-beacf6481b59','bd4346ba-e4c3-4c51-82df-beacf6481b59',1628239515017,'Blur2Sharp',8080,'http','admin',0,'99b010d0-77fd-44a7-a667-439dd8ad18b4')ON CONFLICT(id) do nothing;
    insert into tbl_capability(id, name, name_en, version, description, description_en, provider, group_id, api_file_id, guide_file_id, guide_file_id_en, upload_time, host, port, protocol, user_id, select_count, icon_file_id)values('143e8608-7304-4932-9d99-4bd6b115daa4','目标检测','Object Detection','v1','','','Huawei','b8ddc4c4-07ca-4b49-a3dd-c018f120bff1','9ace2dfc-6548-4511-96f3-7f622736e186','9ace2dfc-6548-4511-96f3-2f622736e186','9ace2dfc-6548-4511-96f3-2f622736e186',1628239515017,'Object Detection',8080,'http','admin',0,'43728963-4877-4277-b7a9-f50c154db89a')ON CONFLICT(id) do nothing;
    insert into tbl_capability(id, name, name_en, version, description, description_en, provider, group_id, api_file_id, guide_file_id, guide_file_id_en, upload_time, host, port, protocol, user_id, select_count, icon_file_id)values('143e8608-7304-4932-9d99-4bd6b115daa3','对象分类','Object Classification','v1','','','Huawei','b8ddc4c4-07ca-4b49-a3dd-c018f120bff1','9ace2dfc-6548-4511-96f3-6f622736e185','9ace2dfc-6548-4511-96f3-2f622736e185','9ace2dfc-6548-4511-96f3-2f622736e185',1628239515017,'Object Classification',8080,'http','admin',0,'bf384358-cf86-4046-bffd-264a556b1b4f')ON CONFLICT(id) do nothing;
    insert into tbl_capability(id, name, name_en, version, description, description_en, provider, group_id, api_file_id, guide_file_id, guide_file_id_en, upload_time, host, port, protocol, user_id, select_count, icon_file_id)values('143e8608-7304-4932-9d99-4bd6b115daa2','图像上色','Image Coloring','v1','','','Huawei','b8ddc4c4-07ca-4b49-a3dd-c018f120bff1','9ace2dfc-6548-4511-96f3-5f622736e184','9ace2dfc-6548-4511-96f3-2f622736e184','9ace2dfc-6548-4511-96f3-2f622736e184',1628239515017,'Image Coloring',8080,'http','admin',0,'dbe904ea-63cc-4bae-9d62-e2c65d71fdbf')ON CONFLICT(id) do nothing;
    insert into tbl_capability(id, name, name_en, version, description, description_en, provider, group_id, api_file_id, guide_file_id, guide_file_id_en, upload_time, host, port, protocol, user_id, select_count, icon_file_id)values('143e8608-7304-4932-9d99-4bd6b115daa1','卡通图像生成','Image Cartoonization','v1','','','Huawei','b8ddc4c4-07ca-4b49-a3dd-c018f120bff1','9ace2dfc-6548-4511-96f3-4f622736e183','9ace2dfc-6548-4511-96f3-2f622736e183','9ace2dfc-6548-4511-96f3-2f622736e183',1628239515017,'Image Cartoonization',8080,'http','admin',0,'0deaf874-f243-4b49-ab5e-6c34299dac79')ON CONFLICT(id) do nothing;
    insert into tbl_capability(id, name, name_en, version, description, description_en, provider, group_id, api_file_id, guide_file_id, guide_file_id_en, upload_time, host, port, protocol, user_id, select_count, icon_file_id)values('143e8608-7304-4932-9d99-4bd6b115daa0','边缘检测','Edge Detection','v1','','','Huawei','b8ddc4c4-07ca-4b49-a3dd-c018f120bff1','9ace2dfc-6548-4511-96f3-3f622736e182','9ace2dfc-6548-4511-96f3-2f622736e182','9ace2dfc-6548-4511-96f3-2f622736e182',1628239515017,'Edge Detection',8080,'http','admin',0,'4141a0a8-ecd4-47a0-9399-a5612d5c8c50')ON CONFLICT(id) do nothing;
    insert into tbl_capability(id, name, name_en, version, description, description_en, provider, group_id, api_file_id, guide_file_id, guide_file_id_en, upload_time, host, port, protocol, user_id, select_count, icon_file_id)values('143e8608-7304-4932-9d99-4bd6b115dac9','AI图像修复','AI Image Repair','v1','','','Huawei','b8ddc4c4-07ca-4b49-a3dd-c018f120bff1','9ace2dfc-6548-4511-96f3-1f622736e182','9ace2dfc-6548-4511-96f3-2f622736e181','9ace2dfc-6548-4511-96f3-2f622736e181',1628239515017,'Image Repair',8456,'http','admin',0,'56302719-8c85-4226-b01e-93535cdb2e42')ON CONFLICT(id) do nothing;
    insert into tbl_capability(id, name, name_en, version, description, description_en, provider, group_id, api_file_id, guide_file_id, guide_file_id_en, upload_time, host, port, protocol, user_id, select_count, icon_file_id)values('a407b72d-e461-4bd3-8ab7-dea18bb9041f','服务审计','Service Audit','v2.1.1','服务审计','Service Audit','3GPP','0a96b3f8-72a8-4373-a129-cc30329e73bf','8fe31809-9e28-40f7-a593-a87e9a73ba5e','8fe31309-9e28-40f7-a593-a87e9a73ba5e','8fe31309-9e28-40f7-a593-a87e9a73ba5e',1628239515017,'Service Audit',8080,'http','admin',0,'6dc35a61-9120-48f6-8b46-3e9343fefc14')ON CONFLICT(id) do nothing;
    insert into tbl_capability(id, name, name_en, version, description, description_en, provider, group_id, api_file_id, guide_file_id, guide_file_id_en, upload_time, host, port, protocol, user_id, select_count, icon_file_id)values('a407b72d-e461-4bd3-8ab7-dea18bb9041e','服务计费','Service Billing','v2.1.1','服务计费','Service Billing','3GPP','0a96b3f8-72a8-4373-a129-cc30329e73bf','8fe31809-9e28-40f7-a593-a87e9a73ba5e','8fe31309-9e28-40f7-a593-a87e9a73ba5e','8fe31309-9e28-40f7-a593-a87e9a73ba5e',1628239515017,'Service Billing',8080,'http','admin',0,'8e90acb8-94dc-4ff8-a161-440ab4856f59')ON CONFLICT(id) do nothing;
    insert into tbl_capability(id, name, name_en, version, description, description_en, provider, group_id, api_file_id, guide_file_id, guide_file_id_en, upload_time, host, port, protocol, user_id, select_count, icon_file_id)values('a407b72d-e461-4bd3-8ab7-dea18bb9041d','移动性管理','Mobility Management','v2.1.1','移动性管理','Mobility Management','3GPP','0a96b3f8-72a8-4373-a129-cc30329e73bf','8fe31809-9e28-40f7-a593-a87e9a73ba5e','8fe31309-9e28-40f7-a593-a87e9a73ba5e','8fe31309-9e28-40f7-a593-a87e9a73ba5e',1628239515017,'mobility-management',8080,'http','admin',0,'df43597a-e84d-42af-a8d2-25d5fc15aa46')ON CONFLICT(id) do nothing;
    insert into tbl_capability(id, name, name_en, version, description, description_en, provider, group_id, api_file_id, guide_file_id, guide_file_id_en, upload_time, host, port, protocol, user_id, select_count, icon_file_id)values('a407b72d-e461-4bd3-8ab7-dea18bb9041c','用户管理','User Management','v2.1.1','用户管理','User Management','3GPP','0a96b3f8-72a8-4373-a129-cc30329e73bf','8fe31809-9e28-40f7-a593-a87e9a73ba5e','8fe31309-9e28-40f7-a593-a87e9a73ba5e','8fe31309-9e28-40f7-a593-a87e9a73ba5e',1628239515017,'User Management',8080,'http','admin',0,'b107469e-31eb-4a6c-b6ed-2d4554c9f95a')ON CONFLICT(id) do nothing;
    insert into tbl_capability(id, name, name_en, version, description, description_en, provider, group_id, api_file_id, guide_file_id, guide_file_id_en, upload_time, host, port, protocol, user_id, select_count, icon_file_id)values('a407b72d-e461-4bd3-8ab7-dea18bb9041a','动态能力发布','Dynamic Capability Release','v2.1.1','动态能力发布','Dynamic Capability Release','3GPP','0a96b3f8-72a8-4373-a129-cc30329e73bf','8fe31809-9e28-40f7-a593-a87e9a73ba5e','8fe31309-9e28-40f7-a593-a87e9a73ba5e','8fe31309-9e28-40f7-a593-a87e9a73ba5e',1628239515017,'Dynamic Capability',8080,'http','admin',0,'641aa2bc-f5db-4c06-b4a7-9d13795372c2')ON CONFLICT(id) do nothing;
    insert into tbl_capability(id, name, name_en, version, description, description_en, provider, group_id, api_file_id, guide_file_id, guide_file_id_en, upload_time, host, port, protocol, user_id, select_count, icon_file_id)values('a407b72d-e461-4bd3-8ab7-dea18bb9047g','无线网络信息API MEC 012','Radio Network Information API MEC 012','v2.1.1','ETSI GS MEC 012 标准定义的无线网络信息API','The ETSI MEC ISG MEC012 Radio Network Information API described using OpenAPI','ETSI','24b9aa35-ec95-4827-a6ae-213d581bf9f2','a56461cb-7dd3-46f1-8d71-3677d098ee19','8fe31309-9e28-40f7-a593-a87e9a73ba5e','8fe31309-9e28-40f7-a593-a87e9a73ba5e',1628239515017,'rni',8080,'http','admin',0,'1ec63fec-d18d-4439-9155-231a82ec78aa')ON CONFLICT(id) do nothing;
    insert into tbl_capability(id, name, name_en, version, description, description_en, provider, group_id, api_file_id, guide_file_id, guide_file_id_en, upload_time, host, port, protocol, user_id, select_count, icon_file_id)values('a407b72d-e461-4bd3-8ab7-dea18bb9047e','带宽管理API MEC 015','Bandwidth Management API MEC 015','v2.1.1','ETSI GS MEC 015 标准定义的带宽管理API','The ETSI MEC ISG Bandwidth Management API described using OpenAPI.','ETSI','24b9aa35-ec95-4827-a6ae-213d581bf9f2','7bcb9fa2-0707-4961-bbe4-02dbbddf2f3a','8fe31309-9e28-40f7-a593-a87e9a73ba5e','8fe31309-9e28-40f7-a593-a87e9a73ba5e',1628239515017,'bwm',8080,'http','admin',0,'05335025-9898-42f0-9f64-3bcfd016f7e9')ON CONFLICT(id) do nothing;
    insert into tbl_capability(id, name, name_en, version, description, description_en, provider, group_id, api_file_id, guide_file_id, guide_file_id_en, upload_time, host, port, protocol, user_id, select_count, icon_file_id)values('a407b72d-e461-4bd3-8ab7-dea18bb9047d','UE应用程序接口API MEC 016','UE Application Interface API MEC 016','v2.1.1','ETSI GS MEC 016 标准定义的UE应用程序接口API','The ETSI MEC ISG Device application interface API described using OpenAPI.','ETSI','24b9aa35-ec95-4827-a6ae-213d581bf9f2','7fdfd6e8-7dc5-4a3c-9862-45d04ce2c1f9','8fe31309-9e28-40f7-a593-a87e9a73ba5e','8fe31309-9e28-40f7-a593-a87e9a73ba5e',1628239515017,'dev_app',8080,'http','admin',0,'f1cc2a67-d697-4765-b034-880422103de4')ON CONFLICT(id) do nothing;
    insert into tbl_capability(id, name, name_en, version, description, description_en, provider, group_id, api_file_id, guide_file_id, guide_file_id_en, upload_time, host, port, protocol, user_id, select_count, icon_file_id)values('a407b72d-e461-4bd3-8ab7-dea18bb9047c','移动性API MEC 021','Application Mobility Service API MEC 021','v2.1.1','ETSI GS MEC 021 标准定义的移动性API','ETSI GS MEC 021 Application Mobility Service API described using OpenAPI.','ETSI','24b9aa35-ec95-4827-a6ae-213d581bf9f2','16832aff-6d18-47d1-850b-c6b2162124be','8fe31309-9e28-40f7-a593-a87e9a73ba5e','8fe31309-9e28-40f7-a593-a87e9a73ba5e',1628239515017,'amsi',8080,'http','admin',0,'0b484e09-2489-4370-9a95-9de71a406dfc')ON CONFLICT(id) do nothing;
    insert into tbl_capability(id, name, name_en, version, description, description_en, provider, group_id, api_file_id, guide_file_id, guide_file_id_en, upload_time, host, port, protocol, user_id, select_count, icon_file_id)values('a407b72d-e461-4bd3-8ab7-dea18bb9047a','WLAN信息API MEC 028','WLAN Information API MEC 028','v2.1.1','ETSI MEC ISG MEC028标准定义的WLAN信息API。','The ETSI MEC ISG MEC028 WLAN Access Information API described using OpenAPI','ETSI','24b9aa35-ec95-4827-a6ae-213d581bf9f2','fe7156d1-b6a6-40c1-a6e7-3f2a2e442d1d','8fe31309-9e28-40f7-a593-a87e9a73ba5e','8fe31309-9e28-40f7-a593-a87e9a73ba5e',1628239515017,'wai',8080,'http','admin',0,'11aba3ac-0328-40b4-8815-f4f8a431fc37')ON CONFLICT(id) do nothing;
    insert into tbl_capability(id, name, name_en, version, description, description_en, provider, group_id, api_file_id, guide_file_id, guide_file_id_en, upload_time, host, port, protocol, user_id, select_count, icon_file_id)values('925eb263-50b9-4d18-aa3b-92150bce2b87','UE身份API MEC 014','UE Identity API MEC 014','v2.1.1','The ETSI MEC ISG MEC014标准定义的UE身份API。','The ETSI MEC ISG MEC014 UE Identity API described using OpenAPI','ETSI','24b9aa35-ec95-4827-a6ae-213d581bf9f2','e6d5c865-1328-4fc0-ba09-13b1f2d91ce1','8fe31309-9e28-40f7-a593-a87e9a73ba5e','8fe31309-9e28-40f7-a593-a87e9a73ba5e',1628239515017,'ui ',8080,'http','admin',0,'e9e3cee1-7a92-4020-9879-a660ca096e1d')ON CONFLICT(id) do nothing;
    insert into tbl_capability(id, name, name_en, version, description, description_en, provider, group_id, api_file_id, guide_file_id, guide_file_id_en, upload_time, host, port, protocol, user_id, select_count, icon_file_id)values('925eb263-50b9-4d18-aa3b-92150bce2b86','固网信息API MEC 029','Fixed Access Information API MEC 029','v2.1.1','ETSI GS MEC 029标准定义的固定访问信息API。','ETSI GS MEC 029 Fixed Access Information API described using OpenAPI.','ETSI','24b9aa35-ec95-4827-a6ae-213d581bf9f2','6f06d423-f5f9-49a6-a6a8-474ad5e31299','8fe31309-9e28-40f7-a593-a87e9a73ba5e','8fe31309-9e28-40f7-a593-a87e9a73ba5e',1628239515017,'fai ',8080,'http','admin',0,'11a8eb35-9afa-4db7-befc-ba0f042924de')ON CONFLICT(id) do nothing;
    insert into tbl_capability(id, name, name_en, version, description, description_en, provider, group_id, api_file_id, guide_file_id, guide_file_id_en, upload_time, host, port, protocol, user_id, select_count, icon_file_id)values('925eb263-50b9-4d18-aa3b-92150bce2b84','V2X信息服务API MEC 030','V2X Information Service API MEC 030','v2.1.1','ETSI GS MEC 030标准定义的V2X信息服务API。','ETSI GS MEC 030 V2X Information Service API described using OpenAPI.','ETSI','24b9aa35-ec95-4827-a6ae-213d581bf9f2','1ec63237-569a-4ff6-8949-602df141219e','8fe31309-9e28-40f7-a593-a87e9a73ba5e','8fe31309-9e28-40f7-a593-a87e9a73ba5e',1628239515017,'vis ',8080,'http','admin',0,'7773511f-7163-4638-aaba-a812cb1074d4')ON CONFLICT(id) do nothing;
    insert into tbl_capability(id, name, name_en, version, description, description_en, provider, group_id, api_file_id, guide_file_id, guide_file_id_en, upload_time, host, port, protocol, user_id, select_count, icon_file_id)values('a407b72d-e461-4bd3-8ab7-dea18bb9047f','位置服务API MEC 013','Location API MEC 013','v2.1.1','ETSI GS MEC 013 标准定义的位置服务API','The ETSI MEC ISG MEC013 Location API described using OpenAPI.','ETSI','24b9aa35-ec95-4827-a6ae-213d581bf9f2','0a0d5f75-5d64-410b-aaa2-f13c157477c0','8fe31809-9e28-40f7-a593-a87e9a73ba5e','8fe31809-9e28-40f7-a593-a87e9a73ba5e',1628239515017,'location',8080,'http','admin',0,'f6f9d509-ac00-4557-97cb-116cc003623b')ON CONFLICT(id) do nothing;
    insert into tbl_capability(id, name, name_en, version, description, description_en, provider, group_id, api_file_id, guide_file_id, guide_file_id_en, upload_time, host, port, protocol, user_id, select_count, icon_file_id)values('07c8c8f8-5c3f-481f-9fa4-18339799d10f','API原则和指南 MEC 009','API Principle Guide MEC 009','v2.1.1','ETSI GS MEC 009标准API定义原则和使用指南','ETSI GS MEC 009 standard API definition principles and use guidelines','ETSI','24b9aa35-ec95-4827-a6ae-213d581bf9f2','8fe31809-9e28-40f7-a593-a87e9a73ba5e','8fe31309-9e28-40f7-a593-a87e9a73ba5e','8fe31309-9e28-40f7-a593-a87e9a73ba5e',1628239515017,'t ',8080,'http','admin',0,'2ebaa02e-7b72-45c5-b39a-c6166df74cc9')ON CONFLICT(id) do nothing;
    insert into tbl_capability(id, name, name_en, version, description, description_en, provider, group_id, api_file_id, guide_file_id, guide_file_id_en, upload_time, host, port, protocol, user_id, select_count, icon_file_id)values('a435f8fc-6110-46b8-8eae-5d23caa5be9f','服务管理API MEC 011','Service Management API  API MEC 011','v2.1.1','ETSI GS MEC 011标准API，用于应用的服务注册、发现、订阅等功能','ETSI GS MEC 011 standard API, used for application service registration, discovery, subscription, stc.','ETSI','24b9aa35-ec95-4827-a6ae-213d581bf9f2','a5983da8-3b06-4f8b-b3fb-217062a209b5','8fe31309-9e28-40f7-a593-a87e9a73ba5e','8fe31309-9e28-40f7-a593-a87e9a73ba5e',1628239515017,'service-management ',8080,'http','admin',0,'2b429877-36b2-4957-ad2a-ed14c7815bf9')ON CONFLICT(id) do nothing;
    insert into tbl_capability(id, name, name_en, version, description, description_en, provider, group_id, api_file_id, guide_file_id, guide_file_id_en, upload_time, host, port, protocol, user_id, select_count, icon_file_id)values('70168c8b-ff06-49dd-a7d2-685cc8273c73','应用使能API MEC 011','MEC Application Support API MEC 011','v2.1.1','ETSI GS MEC 011标准API，用于应用的流量规则、DNS规则配置等','ETSI GS MEC 011 standard API, used for application traffic rules, DNS rule configuration, etc.','ETSI','24b9aa35-ec95-4827-a6ae-213d581bf9f2','1d22f1af-53de-4806-b0e3-2d0fdba9631d','8fe31309-9e28-40f7-a593-a87e9a73ba5e','8fe31309-9e28-40f7-a593-a87e9a73ba5e',1628239515017,'application-support',8080,'http','admin',0,'2b429877-36b2-4957-ad2a-ed14c7815bd5')ON CONFLICT(id) do nothing;
    insert into tbl_capability(id, name, name_en, version, description, description_en, provider, group_id, api_file_id, guide_file_id, guide_file_id_en, upload_time, host, port, protocol, user_id, select_count, icon_file_id)values('fb833a58-b5f6-4225-9184-206b0957f5a3','应用操作授权 MEC 010-2','Operation Granting MEC 010-2','v2.1.1','ETSI GS MEC 010-2标准API，授予特定应用程序生命周期操作','ETSI GS MEC 010-2 standard API,requests a grant for a particular application lifecycle operation','ETSI','24b9aa35-ec95-4827-a6ae-213d581bf9f2','225493dc-31ce-4a1b-9e68-dee50423e0b2','8fe31309-9e28-40f7-a593-a87e9a73ba5e','8fe31309-9e28-40f7-a593-a87e9a73ba5e',1628239515017,'granting',8080,'http','admin',0,'6630348a-146c-4038-b104-231d4dafec2c')ON CONFLICT(id) do nothing;
    insert into tbl_capability(id, name, name_en, version, description, description_en, provider, group_id, api_file_id, guide_file_id, guide_file_id_en, upload_time, host, port, protocol, user_id, select_count, icon_file_id)values('b079f053-b648-46ce-851b-33c74216c0fd','应用生命周期管理 MEC 010-2','App lifecycle management MEC 010-2','v2.1.1','ETSI GS MEC 010-2标准API，用于应用管理的生命周期管理','ETSI GS MEC 010-2 standard API, used for App lifecycle management.','ETSI','24b9aa35-ec95-4827-a6ae-213d581bf9f2','1b1639ae-fa09-4edf-b834-93bcd141291d','8fe31309-9e28-40f7-a593-a87e9a73ba5e','8fe31309-9e28-40f7-a593-a87e9a73ba5e',1628239515017,'app-lcm',8080,'http','admin',0,'32fb30db-0a45-4772-a686-37508a71f0bb')ON CONFLICT(id) do nothing;
    insert into tbl_capability(id, name, name_en, version, description, description_en, provider, group_id, api_file_id, guide_file_id, guide_file_id_en, upload_time, host, port, protocol, user_id, select_count, icon_file_id)values('e3a48bb6-e27f-4da3-b594-be1b6a104eb1','应用包管理 MEC 010-2','App Package management MEC 010-2','v2.1.1','ETSI GS MEC 010-2标准API，用于应用包管理，包括生成应用包、资源创建、订阅、通知等管理功能.','ETSI GS MEC 010-2 standard API, including management functions such as application package generation, resource creation, subscription, notification, etc.','ETSI','24b9aa35-ec95-4827-a6ae-213d581bf9f2','6692b2fc-1ba4-46f8-8695-db87d20e0eb6','8fe31809-9e28-40f7-a593-a87e9a73ba5e','8fe31809-9e28-40f7-a593-a87e9a73ba5e',1628239515017,'app-pkgm',8080,'http','admin',0,'060e2111-a898-4a09-bcf8-4469a243ae9e')ON CONFLICT(id) do nothing;
    insert into tbl_capability(id, name, name_en, version, description, description_en, provider, group_id, api_file_id, guide_file_id, guide_file_id_en, upload_time, host, port, protocol, user_id, select_count, icon_file_id)values('b819227e-723f-48c8-b624-206b3531b9aa','统一网关','Gateway','2.1','提供负载均衡、动态上游、灰度发布、服务熔断、身份认证、可观测性等丰富的流量管理功能','Provides rich traffic management functions such as load balancing, dynamic upstream, grayscale release, service fusing, identity authentication, observability, etc.','Huawei','4466a11e-c213-40ef-9d28-1907b63b8844','a719208e-1d30-4e00-b397-148308c3f6b0','92b875b6-d6e4-4ad8-9a7f-17ffe06e79d9','5e951098-44af-4408-bdba-93db5fbc6928',1628239515017,'natural-language-processing',8421,'http','admin',0,'537a5768-72e3-4234-ad18-b32ea1100583')ON CONFLICT(id) do nothing;
    insert into tbl_capability(id, name, name_en, version, description, description_en, provider, group_id, api_file_id, guide_file_id, guide_file_id_en, upload_time, host, port, protocol, user_id, select_count, icon_file_id)values('7e00b0ed-9168-46be-a411-a786739be4d2','分布式键值(key-value)数据库','Distributed key-value database','v1','分布式键值(key-value)数据库，采用键值对(key-value)方式存储数据。','A distributed key-value database uses key-value pairs to store data.','Huawei','293bebd8-a226-4df6-adff-2d4bed7b08d3','da823a31-f3c9-44f4-92d9-24bb2cded86c','35249ffa-4998-4492-8440-fc9a52fd2fc7','e5f62364-fc24-4ad7-a8c7-ad838d400e08',1628239515017,'key-value-database',8425,'http','admin',0,'279ea090-e0a4-486e-895a-3c70097c240f')ON CONFLICT(id) do nothing;
    insert into tbl_capability(id, name, name_en, version, description, description_en, provider, group_id, api_file_id, guide_file_id, guide_file_id_en, upload_time, host, port, protocol, user_id, select_count, icon_file_id)values('27246b7e-ac4d-4613-9548-2607a25cb794','轻量级中文分词器','Lightweight chinese word segmenter','v1','基于mmseg算法的轻量级中文分词器，集成了关键字提取，关键句子提取和文章自动摘要等功能。','Based on mmseg algorithm, which integrates functions such as keyword extraction, key sentence extraction and automatic article summarization.','Huawei','ab88bc3a-e1c0-4d0d-a4e5-242902f39b12','b1f85bcc-74f4-4e78-8545-53986f0156e7','2099cd1-e2c4-454b-9ee6-d2d54846928b','e51fd154-0f0a-4a30-8fa2-fd7f83677aa8',1628239515017,'natural-language-processing',8425,'http','admin',0,'6152aa6d-fe27-44f0-89ac-c0de5ae24349')ON CONFLICT(id) do nothing;
    insert into tbl_capability(id, name, name_en, version, description, description_en, provider, group_id, api_file_id, guide_file_id, guide_file_id_en, upload_time, host, port, protocol, user_id, select_count, icon_file_id)values('6f250fc0-0961-470f-bf17-e9bba8e56c12','人脸识别服务','face recognition service','v1','上传照片进行人脸识别，返回待识别人脸所在的位置','Upload photos for face recognition, and return to the location of the face to be recognized.','Huawei','ab88bc3a-e1c0-4d0d-a4e5-242902f39b12','d0f8fa57-2f4c-4182-be33-0a508964d04a','10d8a909-742a-433f-8f7a-5c7667adf825','58f39f8a-332d-4e11-8421-bd4e11769d86',1628239515017,'face-recognition',9997,'http','admin',0,'193b08b6-b5da-4ee3-ba09-b39530611ba7')ON CONFLICT(id) do nothing;
    insert into tbl_capability(id, name, name_en, version, description, description_en, provider, group_id, api_file_id, guide_file_id, guide_file_id_en, upload_time, host, port, protocol, user_id, select_count, icon_file_id)values('420bf209-b74a-4c37-99f6-6bcca97b0ee3','无损解压缩','Lossless compression','v1','无损解压缩服务提供端侧与边缘之间的无损解压缩服务，降低对传输带宽的诉求',' Provides a lossless decompression service between the end and the edge, reducing the demand for transmission bandwidth.','Huawei','4dba5f43-d802-4ec2-89c5-a2b5d3ffa5fd','16532bf6-35cc-42e7-a77f-cbf6020c3667','b0b0f727-9964-48bc-9b04-2ed039c58d33','5275d443-2200-4901-98da-7ec3e66db5e1',1628239515017,'natural-language-processing',8425,'http','admin',0,'d089b6c6-1d6a-40be-93ea-f3b6f23c116a')ON CONFLICT(id) do nothing;

    ---- Tensoflow lite begin
  insert into tbl_uploaded_file(file_id,file_name,is_temp,user_id,upload_date,file_path)values('d25966ba-5c2c-4a5f-b1fb-98c5a0d13bb6','tensorflowlite_be_swagger.yaml',false,'admin','2021-09-15 00:00:00.000000','/mep_capability/tensorflowlite_be_swagger.yaml')ON CONFLICT(file_id) do nothing;
  insert into tbl_uploaded_file(file_id,file_name,is_temp,user_id,upload_date,file_path)values('bc875983-43b4-4e2c-bbac-562a06163878','image_classification.jpg',false,'admin','2021-09-15 00:00:00.000000','/mep_capability/images/image_classification.jpg')ON CONFLICT(file_id) do nothing;
  insert into tbl_uploaded_file(file_id,file_name,is_temp,user_id,upload_date,file_path)values('7f133689-c5c1-464e-9173-cd69db59f47e','movenet.jpg',false,'admin','2021-09-15 00:00:00.000000','/mep_capability/images/movenet.jpg')ON CONFLICT(file_id) do nothing;
  insert into tbl_uploaded_file(file_id,file_name,is_temp,user_id,upload_date,file_path)values('8ab98359-99ed-4437-911c-92ad6d63f85a','style_transfer.jpg',false,'admin','2021-09-15 00:00:00.000000','/mep_capability/images/style_transfer.jpg')ON CONFLICT(file_id) do nothing;
    insert into tbl_uploaded_file(file_id,file_name,is_temp,user_id,upload_date,file_path)values('3b563e43-d2c5-4d62-bd46-9754c1edb579','tensorflowlite_be_zh.md',false,'admin','2021-09-15 00:00:00.000000','/mep_capability/tensorflowlite_be_zh.md')ON CONFLICT(file_id) do nothing;

  insert into tbl_capability(id, name, name_en, version, description, description_en, provider,group_id, api_file_id, guide_file_id, guide_file_id_en, upload_time,host, port, protocol, user_id, select_count, icon_file_id)values('bb31b337-de74-40fc-9aca-e7b43bc52582','图片分类(TFL)','Image Classification(TFL)','v1.0','基于Tensorflow Lite的图片分类','Image classification based on tensorflow Lite','Huawei','ab88bc3a-e1c0-4d0d-a4e5-242902f39b12','d25966ba-5c2c-4a5f-b1fb-98c5a0d13bb6','3b563e43-d2c5-4d62-bd46-9754c1edb579','3b563e43-d2c5-4d62-bd46-9754c1edb579',1631689098055,'tensorflowlite-be-service',33333,'http','admin',0,'bc875983-43b4-4e2c-bbac-562a06163878')ON CONFLICT(id) do nothing;
  insert into tbl_capability(id, name, name_en, version, description, description_en, provider,group_id, api_file_id, guide_file_id, guide_file_id_en, upload_time, host, port, protocol, user_id, select_count, icon_file_id)values('89ae3521-4b03-49b9-98eb-002b7ed2796d','姿态检测(TFL)','Pose Detection(TFL)','v1.0','基于Tensorflow Lite的姿态检测','Pose detection based on tensorflow Lite','Huawei','ab88bc3a-e1c0-4d0d-a4e5-242902f39b12','d25966ba-5c2c-4a5f-b1fb-98c5a0d13bb6','3b563e43-d2c5-4d62-bd46-9754c1edb579','3b563e43-d2c5-4d62-bd46-9754c1edb579',1631689098055,'tensorflowlite-be-service',33333,'http','admin',0,'7f133689-c5c1-464e-9173-cd69db59f47e')ON CONFLICT(id) do nothing;
  insert into tbl_capability(id, name, name_en, version, description, description_en, provider,group_id, api_file_id, guide_file_id, guide_file_id_en, upload_time,host, port, protocol, user_id, select_count, icon_file_id)values('365e47bf-c2cf-424b-8948-06cc99923427','对象检测(TFL)','Object Detection(TFL)','v1.0','基于Tensorflow Lite的对象检测','Object detection based on tensorflow Lite','Huawei','ab88bc3a-e1c0-4d0d-a4e5-242902f39b12','d25966ba-5c2c-4a5f-b1fb-98c5a0d13bb6','3b563e43-d2c5-4d62-bd46-9754c1edb579','3b563e43-d2c5-4d62-bd46-9754c1edb579',1631689098055,'tensorflowlite-be-service',33333,'http','admin',0,'bf384358-cf86-4046-bffd-264a556b1b4f')ON CONFLICT(id) do nothing;
  insert into tbl_capability(id, name, name_en, version, description, description_en, provider,group_id, api_file_id, guide_file_id, guide_file_id_en, upload_time,host, port, protocol, user_id, select_count, icon_file_id)values('9aa1153b-d738-41ae-b332-1a19beda39fb','图片风格化(TFL)','Style Transfer(TFL)','v1.0','基于Tensorflow Lite的图片风格化','Style transfer based on tensorflow Lite','Huawei','ab88bc3a-e1c0-4d0d-a4e5-242902f39b12','d25966ba-5c2c-4a5f-b1fb-98c5a0d13bb6','3b563e43-d2c5-4d62-bd46-9754c1edb579','3b563e43-d2c5-4d62-bd46-9754c1edb579',1631689098055,'tensorflowlite-be-service',33333,'http','admin',0,'8ab98359-99ed-4437-911c-92ad6d63f85a')ON CONFLICT(id) do nothing;
  insert into tbl_capability(id, name, name_en, version, description, description_en, provider,group_id, api_file_id, guide_file_id, guide_file_id_en, upload_time,host, port, protocol, user_id, select_count, icon_file_id)values('92abcaf8-e891-45f5-878a-b969bb31347a','超分辨率(TFL)','Super Resolution(TFL)','v1.0','基于Tensorflow Lite的超分辨率','Super resolution based on tensorflow Lite','Huawei','ab88bc3a-e1c0-4d0d-a4e5-242902f39b12','d25966ba-5c2c-4a5f-b1fb-98c5a0d13bb6','3b563e43-d2c5-4d62-bd46-9754c1edb579','3b563e43-d2c5-4d62-bd46-9754c1edb579',1631689098055,'tensorflowlite-be-service',33333,'http','admin',0,'6c5e9142-0a05-4ab6-929c-967010315121')ON CONFLICT(id) do nothing;

  INSERT INTO tbl_network (id, app_id, description, name) VALUES('Network_N6', 'init-application', 'N6 network, when end-side devices access edge applications, they need to access through this network', 'MEC_APP_Private')ON CONFLICT(app_id, name) do nothing;
  INSERT INTO tbl_network (id, app_id, description, name) VALUES('Network_MEP', 'init-application', 'The network with the edge computing platform, when the application has service dependency or needs to publish the service, the network is needed', 'MEC_APP_MP1') ON CONFLICT(app_id, name) do nothing;
  INSERT INTO tbl_network (id, app_id, description, name) VALUES('Network_Internet', 'init-application', 'Internet Network', 'MEC_APP_Public') ON CONFLICT(app_id, name) do nothing;;
   
  INSERT INTO tbl_vm_flavor (id, name, description, architecture, cpu, memory, system_disk_size, data_disk_size, gpu_extra_info, other_extra_info) VALUES
      ('3ef2bea0-5e23-4fab-952d-cc9e6741dbe7', 'General Computing-1', 'Ordinary APP', 'X86', 1, 1, 20, 40, '', '')
      ON CONFLICT(id) do nothing;
  INSERT INTO tbl_vm_flavor (id, name, description, architecture, cpu, memory, system_disk_size, data_disk_size, gpu_extra_info, other_extra_info) VALUES
      ('96f9c44c-4d01-4da6-84dd-9f3564fe2bdb', 'General Computing-2', 'Ordinary APP', 'X86', 1, 4, 50, 100, '', '')
      ON CONFLICT(id) do nothing;
  INSERT INTO tbl_vm_flavor (id, name, description, architecture, cpu, memory, system_disk_size, data_disk_size, gpu_extra_info, other_extra_info) VALUES
      ('a296115a-c209-4ddd-a543-695665a474ce', 'General Computing-4', 'Ordinary APP', 'X86', 4, 16, 50, 100, '', '')
      ON CONFLICT(id) do nothing;
  INSERT INTO tbl_vm_flavor (id, name, description, architecture, cpu, memory, system_disk_size, data_disk_size, gpu_extra_info, other_extra_info) VALUES
      ('3ea301cb-ff5e-4503-818e-64272386cd3d', 'Enhancement Computing-4', 'Enhancement-2 APP', 'X86', 8, 16, 50, 100, '', '')
      ON CONFLICT(id) do nothing;
  INSERT INTO tbl_vm_flavor (id, name, description, architecture, cpu, memory, system_disk_size, data_disk_size, gpu_extra_info, other_extra_info) VALUES
      ('f30c3156-19ea-437c-8745-bf5f3e6600af', 'Enhancement Computing-4', 'Enhancement-4 APP', 'X86', 32, 16, 50, 100, '', '')
      ON CONFLICT(id) do nothing;
  INSERT INTO tbl_vm_flavor (id, name, description, architecture, cpu, memory, system_disk_size, data_disk_size, gpu_extra_info, other_extra_info) VALUES
      ('88c863fc-ff7d-47bb-9cd7-d8086e704cf0', 'High I/O-4', 'High I/O-4 APP', 'X86', 64, 8, 50, 100, '', '')
      ON CONFLICT(id) do nothing;
  INSERT INTO tbl_vm_flavor (id, name, description, architecture, cpu, memory, system_disk_size, data_disk_size, gpu_extra_info, other_extra_info) VALUES
      ('81aebd1a-f2f2-4846-bdb7-1044be319324', 'Large Storage', 'IoT Data Collection', 'X86', 8, 4, 50, 1000, '', '')
      ON CONFLICT(id) do nothing;
  INSERT INTO tbl_vm_flavor (id, name, description, architecture, cpu, memory, system_disk_size, data_disk_size, gpu_extra_info, other_extra_info) VALUES
      ('e886e9ae-2e18-4b76-ac78-acfb7d08efee', 'AI', 'Industrial,Pack Monitoring', 'X86', 8, 4, 50, 100, '', '1*Atlas300C(16G)')
      ON CONFLICT(id) do nothing;
  INSERT INTO tbl_vm_flavor (id, name, description, architecture, cpu, memory, system_disk_size, data_disk_size, gpu_extra_info, other_extra_info) VALUES
      ('92baef52-93c3-43f2-8e4a-37bf3b5cfc83', 'General Computing-1', 'Ordinary APP', 'ARM', 1, 1, 20, 40, '', '')
      ON CONFLICT(id) do nothing;
  INSERT INTO tbl_vm_flavor (id, name, description, architecture, cpu, memory, system_disk_size, data_disk_size, gpu_extra_info, other_extra_info) VALUES
      ('8207d73c-af0b-47c9-8f7c-39583faf59d1', 'General Computing-2', 'Ordinary APP', 'ARM', 1, 2, 50, 100, '', '')
      ON CONFLICT(id) do nothing;
  INSERT INTO tbl_vm_flavor (id, name, description, architecture, cpu, memory, system_disk_size, data_disk_size, gpu_extra_info, other_extra_info) VALUES
      ('a2197d1e-b624-498c-851b-fedb8b50d2b0', 'General Computing-4', 'Ordinary APP', 'ARM', 4, 16, 50, 100, '', '')
      ON CONFLICT(id) do nothing;
  INSERT INTO tbl_vm_flavor (id, name, description, architecture, cpu, memory, system_disk_size, data_disk_size, gpu_extra_info, other_extra_info) VALUES
      ('edbfc0ed-90b6-401b-a6e9-bbd64cb43766', 'Enhancement Computing-4', 'Enhancement-2 APP', 'ARM', 8, 16, 50, 100, '', '')
      ON CONFLICT(id) do nothing;
  INSERT INTO tbl_vm_flavor (id, name, description, architecture, cpu, memory, system_disk_size, data_disk_size, gpu_extra_info, other_extra_info) VALUES
      ('6c45e2f2-9646-4451-aba6-77edac2a815b', 'Enhancement Computing-4', 'Enhancement-4 APP', 'ARM', 32, 16, 50, 100, '', '')
      ON CONFLICT(id) do nothing;
  INSERT INTO tbl_vm_flavor (id, name, description, architecture, cpu, memory, system_disk_size, data_disk_size, gpu_extra_info, other_extra_info) VALUES
      ('fe3c6a45-485f-4bdb-b1f8-e8fee809b63e', 'High I/O-4', 'High I/O-4 APP', 'ARM', 64, 8, 50, 100, '', '')
      ON CONFLICT(id) do nothing;
  INSERT INTO tbl_vm_flavor (id, name, description, architecture, cpu, memory, system_disk_size, data_disk_size, gpu_extra_info, other_extra_info) VALUES
      ('0fa4412e-a735-4ec5-b70c-d24c1eb43d41', 'Large Storage', 'IoT Data Collection', 'ARM', 8, 4, 50, 1000, '', '')
      ON CONFLICT(id) do nothing;
  INSERT INTO tbl_vm_flavor (id, name, description, architecture, cpu, memory, system_disk_size, data_disk_size, gpu_extra_info, other_extra_info) VALUES
      ('9f0eec36-0cee-4697-851d-a5eb6b7fa5aa', 'AI', 'Industrial,Pack Monitoring', 'ARM', 8, 4, 50, 100, '', '1*Atlas300C(16G)')
      ON CONFLICT(id) do nothing;

  INSERT INTO tbl_profile (id, name, description, description_en, file_path, deploy_file_path, config_file_path, seq, app_list, create_time, type, industry, topo_file_path) VALUES
      ('cc1a3d7f-1111-4d2a-8058-aec3bfc2a060', 'IOT_Stack', '用于数据采集、清洗、整理场景', 'It is used for data collection, cleaning and sorting scenes','cc1a3d7f-1111-4d2a-8058-aec3bfc2a060.zip','{"iot_stack":"cc1a3d7f-1111-4d2a-8058-aec3bfc2a060/combined-iot-deploy.yaml"}','cc1a3d7f-1111-4d2a-8058-aec3bfc2a060/iot_config.sh','','["fledge","kuiper","tdengine","mqtt","emqx"]',now(),'Internet of Things','Open Source','')
      ON CONFLICT(id) do nothing;
